scrap,si,mn,s,p,hm_weight,blow_dur,lime,iron,dolo,temp
6.4,0.97,0.06,0.04,0.13,129.4,00:15,11100,2995,0,1654
12,0,0,0,0,123.3,00:26,11976,1896,918,1605
11.7,0.97,0.06,0.04,0.13,121.3,00:52,12162,3313,0,1615
14.6,0.99,0.07,0.044,0.12,120.3,00:33,11178,798,0,1667
13.4,0.99,0.07,0.044,0.12,119.7,00:17,9063,1947,2976,1650
10.7,0.89,0.06,0.043,0.13,124.8,00:28,10977,1344,0,1669
0,0.89,0.06,0.043,0.13,132,00:10,7128,0,1569,1623
10.7,1.25,0.06,0.042,0.136,123.5,00:23,11481,1152,1572,1616
11.6,1.25,0.06,0.042,0.136,121.7,00:18,12141,1903,0,1680
13.2,0.89,0.06,0.045,0.13,116.5,00:19,8793,1388,1593,1685
9.7,0.9,0.06,0.045,0.136,114.9,00:23,12228,2597,0,1700
13.5,0.92,0.06,0.045,0.13,119,00:22,10770,554,0,1706
11.3,1.01,0.067,0.047,0.13,116.4,00:16,11907,2141,0,1677
10.7,1.01,0.067,0.047,0.13,121.7,00:18,11007,0,3468,1715
16.2,1.01,0.067,0.047,0.13,122.6,00:18,10917,2758,0,1674
11.6,1.01,0.067,0.047,0.13,120.5,00:23,13095,1632,0,1636
9.2,0.98,0.06,0.046,0.13,121.5,00:25,10737,1164,2676,1646
13.8,0.98,0.06,0.046,0.13,124,00:17,9963,1402,1518,1648
12.7,1,0.063,0.055,0.12,124,00:26,9909,1128,2013,1627
13.1,0.85,0.057,0.052,0.13,119.3,00:19,8916,3615,1887,1616
12,0.92,0.06,0.057,0.13,124.6,00:19,9957,2113,1014,1637
0,0.92,0.06,0.057,0.13,124.9,00:20,9510,1198,2064,1681
12.3,0.92,0.06,0.057,0.13,122.3,00:18,9348,1897,987,1676
11.4,0.92,0.06,0.057,0.13,120.7,00:24,9021,2150,1572,1601
12,0.92,0.06,0.057,0.13,119.9,00:23,9861,1590,1575,1624
12.5,0.82,0.06,0.051,0.14,128,00:19,8949,2152,1023,1680
9.7,0.82,0.06,0.051,0.14,125.8,00:23,9516,1643,2361,1648
12.3,0.82,0.06,0.051,0.14,127.1,00:22,9072,3362,1632,1699
12,0.82,0.06,0.051,0.14,119.9,00:31,8946,3054,1044,1650
12,0.86,0.063,0.055,0.134,122.9,00:24,9297,3299,1593,1654
10.5,0.86,0.063,0.055,0.134,114.5,00:17,9423,2774,975,1658
11.4,0.86,0.063,0.055,0.134,125.2,00:24,9915,2767,1020,1678
11.1,0.86,0.063,0.055,0.134,121.7,00:23,9564,3128,2079,1646
0,0.86,0.063,0.055,0.134,102.3,00:36,10524,3563,1815,1641
13.8,0.94,0.06,0.053,0.14,120,00:21,8442,3283,2097,1632
11.5,0.93,0.06,0.055,0.14,119,00:30,10755,2855,1323,1634
15.1,0.93,0.06,0.055,0.14,121.7,00:29,11334,2286,2352,1612
10.1,1.23,0.08,0.054,0.14,118,00:20,10458,2976,1482,1646
11.2,1.15,0.08,0.05,0.14,122.1,00:37,10539,483,2046,1669
12.2,1.15,0.08,0.05,0.14,117,00:26,9600,2552,1692,1645
11.1,1.1,0.076,0.05,0.14,122.4,00:18,9972,939,2637,1699
15.1,1.1,0.076,0.05,0.14,125.4,00:24,13107,3859,0,1676
0,0.94,0.06,0.045,0.128,130.5,03:35,11112,470,2253,1677
11.2,1.1,0.076,0.05,0.14,0,00:27,10731,2330,2355,1652
11.7,1.15,0.08,0.05,0.14,122.7,00:29,10776,2872,1272,1696
13.6,1.17,0.081,0.05,0.2,122,00:39,10161,2138,2064,1670
0,1,0.069,0.05,0.13,0,00:27,11553,3106,993,1696
0,1,0.069,0.05,0.13,120.1,00:53,11052,2368,1515,1609
16.4,0.9,0.06,0.062,0.13,113.8,00:20,12351,2395,0,1685
15.8,1.06,0.072,0.06,0.13,117.2,00:42,10599,1653,1794,1661
15.2,1.06,0.072,0.06,0.13,118.3,00:26,12039,1193,2049,1655
0,0.83,0.06,0.049,0.13,118.4,00:12,7473,5019,597,1717
15,0.83,0.06,0.049,0.13,123.3,00:26,12045,2580,2358,1635
0,0.83,0.06,0.049,0.13,122.4,00:59,11901,5002,0,1623
14.5,1.28,0.09,0.044,0.14,117.5,00:20,12174,3725,1530,1637
0,1.28,0.09,0.044,0.14,116.7,00:20,12045,2745,2502,1642
0,1.27,0.09,0.044,0.16,123.5,00:36,11961,4258,1065,1598
14.5,1.27,0.09,0.044,0.16,123.5,00:18,12969,4742,0,1615
13.5,1.27,0.09,0.044,0.16,117.8,00:27,12192,4365,1557,1563
14.3,1.24,0.09,0.04,0.14,121.4,00:35,11328,3597,1053,1633
15.9,1.24,0.09,0.04,0.14,116.7,00:38,12063,3522,0,1685
18.1,1.54,0.13,0.036,0.18,117.7,00:28,10866,2780,1431,1635
12,1.54,0.13,0.036,0.18,118.2,00:23,11586,3290,558,1694
15,1.54,0.13,0.036,0.18,113.7,00:16,10554,2470,1998,1645
14.2,1.54,0.13,0.036,0.18,119,00:35,9948,3746,1899,1589
14.8,1.54,0.13,0.036,0.18,115.3,00:02,10911,2072,0,1668
15.5,1.15,0.088,0.047,0.13,120.5,01:01,9582,2702,1023,1639
14.7,1.15,0.088,0.047,0.13,130.2,00:22,11949,1137,2016,1734
15.3,1.15,0.088,0.047,0.13,117.2,00:25,10875,3109,0,1673
14,1.14,0.084,0.046,0.13,117.3,00:31,7932,2141,981,1653
14.7,1.14,0.084,0.046,0.13,126.2,00:31,11427,4474,0,1667
16.1,1.21,0.085,0.049,0.13,117.8,00:20,11937,3609,0,1616
14.7,1.21,0.085,0.049,0.13,96.2,00:24,9843,1601,3240,1651
14.5,1.25,0.09,0.046,0.15,96.2,00:34,11136,2055,2373,1627
13.8,0.98,0.08,0.049,0.2,121.4,00:29,13986,0,0,1668
0,0.98,0.08,0.049,0.2,120.6,00:16,9990,3171,1008,1659
14.9,0.98,0.08,0.049,0.2,119.7,00:21,10416,1938,1890,1648
14.5,0.98,0.08,0.049,0.2,122.7,00:17,11988,0,3612,1661
15,0.98,0.08,0.049,0.2,0,00:31,10269,2451,2055,1586
13.9,0.98,0.08,0.049,0.2,120.3,00:25,9918,1465,1881,1664
16.1,0.98,0.08,0.049,0.2,122.1,00:24,13026,1187,3015,1596
14.7,1.15,0.094,0.049,0.155,118.4,00:26,15729,1170,1011,1635
15.1,1.1,0.086,0.048,0.154,117.2,00:19,11322,2059,1530,1687
0,1.1,0.082,0.048,0.153,84.6,00:14,10128,1912,1668,1586
0,1.1,0.082,0.048,0.153,111.1,00:14,11874,4045,0,1602
15.3,1.1,0.082,0.048,0.153,114.9,00:19,11160,2134,1554,1654
10.2,1.23,0.09,0.05,0.15,116.6,00:18,11739,0,1824,1586
15.1,1.23,0.09,0.05,0.15,120.4,00:18,11013,1123,1542,1672
14.1,1.06,0.08,0.056,0.15,119.6,00:26,10590,623,1056,1682
14.3,1.03,0.08,0.052,0.15,121,00:17,12003,647,0,1639
16.8,0.99,0.08,0.052,0.16,121,00:19,10158,1986,2322,1674
14.3,1.1,0.09,0.048,0.15,120.9,00:19,10209,1341,2340,1662
14.8,1.1,0.09,0.048,0.15,121.6,00:18,10404,1435,2331,1635
0,1.1,0.09,0.048,0.15,61.3,00:11,8271,1945,0,1619
15.9,1.1,0.09,0.048,0.15,121,00:21,12978,1592,0,1576
14.4,1.1,0.09,0.048,0.15,126.4,00:27,9753,3458,0,1580
15,1.1,0.09,0.048,0.15,123.1,00:18,11541,1647,0,1653
16.2,1.1,0.09,0.048,0.15,120.6,00:49,11847,0,0,1635
16.5,1.01,0.07,0.05,0.14,120.4,00:29,10152,2806,1476,1657
15.7,1.06,0.074,0.05,0.14,120.2,00:36,11040,502,1107,1673
15,1.06,0.074,0.05,0.14,116.3,00:38,12033,1896,0,1662
25,1.15,0.081,0.05,0.14,101,00:14,3984,0,0,1604
14.6,1.15,0.081,0.05,0.14,119.7,00:17,11961,3338,297,1627
14.9,1.15,0.081,0.05,0.14,124.1,00:28,13866,1995,0,1665
17.1,1.15,0.081,0.05,0.14,121.2,00:22,10842,2652,0,1620
12.8,0.99,0.075,0.05,0.14,123.2,00:49,11892,3520,0,1630
14.8,0.99,0.075,0.05,0.14,121,00:17,9258,2030,1089,1631
15,1.01,0.074,0.05,0.14,121.8,00:52,12240,805,387,1642
14.5,1.01,0.074,0.05,0.14,123,00:25,9639,2127,1071,1630
13.3,1.05,0.068,0.057,0.14,125.4,00:31,11460,918,1017,1655
16.6,1.05,0.068,0.057,0.14,120.6,00:25,12438,1160,0,1653
14.5,0.82,0.06,0.052,0.15,118.7,00:26,11952,3412,1635,1610
14.1,0.82,0.06,0.052,0.15,119.5,00:19,11550,975,1767,1653
14.5,0.82,0.06,0.052,0.15,120.2,00:37,9927,1743,1974,1616
14.2,1.09,0.08,0.047,0.16,118.1,00:56,10761,1091,1242,1600
15.7,1.09,0.08,0.047,0.16,120.6,00:18,9771,457,1983,1647
14,1.12,0.08,0.05,0.15,122.7,00:24,10596,561,2283,1644
14.1,1.09,0.08,0.049,0.15,118.3,00:18,10125,282,2445,1667
15.2,1.09,0.08,0.049,0.15,120.8,00:23,9648,567,2247,1665
14.3,0.85,0.08,0.046,0.185,121.3,00:21,9945,834,2043,1650
12.8,0.85,0.08,0.046,0.185,118.5,00:23,11223,445,1173,1663
12.4,0.85,0.08,0.046,0.185,123.1,00:34,10959,0,1869,1684
15.1,0.85,0.08,0.046,0.185,118.9,00:28,11010,1065,1635,1664
9.6,0.84,0.08,0.048,0.148,115.2,00:16,10731,2665,0,1610
14.6,0.84,0.08,0.048,0.148,118,00:23,13098,0,237,1626
15.4,0.92,0.086,0.056,0.16,122.3,02:46,11988,232,0,1608
15.5,0.9,0.08,0.046,0.17,119,00:22,12168,0,201,1657
12.9,0.9,0.08,0.048,0.156,119.5,00:23,12336,0,0,1666
12,0.84,0.07,0.049,0.15,122.6,00:53,9693,1665,1191,1622
12,0.84,0.07,0.049,0.15,0,00:25,12375,0,222,1687
12.4,0.095,0.08,0.044,0.16,121.7,00:28,12798,1216,240,1673
19.1,1.04,0.08,0.048,0.156,0,00:58,12042,1835,0,1617
13.2,1.07,0.08,0.042,0.15,37.6,00:54,9693,2441,1038,1654
0,1.07,0.08,0.042,0.15,96.5,00:42,9882,2191,0,1655
12.2,1.07,0.08,0.042,0.15,117.5,00:28,9597,2334,987,1639
10.6,1.07,0.08,0.042,0.15,121.2,00:37,9978,1590,0,1694
10.7,1.03,0.084,0.046,0.15,122.7,00:43,9744,2228,1050,1636
9.5,0.99,0.08,0.044,0.15,121.8,00:16,9939,1993,1020,1657
9.9,0.98,0.08,0.047,0.16,124.3,00:19,9753,2724,1062,1638
0,0.94,0.08,0.042,0.155,130.2,00:22,10434,4435,1005,1646
12,0.92,0.08,0.041,0.155,116.5,00:18,9285,2631,1056,1603
12,0.92,0.08,0.041,0.155,119.6,00:28,10461,834,2082,1649
11.6,0.92,0.08,0.041,0.155,123.5,00:25,9909,1962,1227,1625
11.5,0.92,0.08,0.041,0.155,122.3,00:18,8685,849,2250,1648
11.5,0.9,0.077,0.045,0.15,119.6,00:35,9627,561,1512,1677
11.5,1.05,0.08,0.046,0.15,115.3,00:18,8589,273,2472,1667
11.1,1.04,0.077,0.046,0.15,118.4,00:51,10344,2185,1398,1702
12,1.04,0.077,0.046,0.15,122.2,00:51,9576,549,2472,1673
12.9,1.14,0.078,0.04,0.15,122.2,00:17,11574,2422,1809,1675
11.6,1.14,0.078,0.04,0.15,122.2,00:26,11196,672,2094,1677
0,1.14,0.078,0.04,0.15,119.6,00:14,10107,3613,0,1682
10.8,1.14,0.078,0.04,0.15,119.6,00:25,12087,441,1986,1677
11.2,0.98,0.078,0.052,0.147,121.9,00:22,12300,830,0,1642
11.9,0.99,0.075,0.038,0.147,120.1,00:18,10188,1990,3792,1636
14.1,0.99,0.075,0.038,0.147,118.9,00:21,12516,885,21,1695
11.3,1.03,0.07,0.043,0.147,119,00:29,11979,434,1887,1654
9.9,1.03,0.07,0.043,0.147,119,00:23,11862,1185,0,1653
13.9,0.96,0.07,0.039,0.15,116.6,00:26,11994,470,2043,1645
12.9,0.99,0.07,0.042,0.16,121.4,00:44,10707,2560,0,1665
11.8,0.83,0.07,0.04,0.15,117.3,00:39,10143,953,1830,1676
11.6,0.83,0.07,0.04,0.15,117.9,00:19,9030,2066,1161,1625
11.3,0.84,0.07,0.041,0.15,119.5,00:31,10626,2752,1938,1635
11.9,0.85,0.07,0.037,0.15,111.9,00:24,9099,447,1191,1650
13.7,1,0.07,0.046,0.15,118.7,00:25,10641,2407,2052,1653
12.6,1,0.07,0.046,0.15,116.7,00:28,11010,2388,2217,1586
0,0.99,0.07,0.042,0.14,118.7,00:18,9024,670,2304,1651
7,0.99,0.07,0.042,0.14,120.7,00:39,10539,791,1842,1576
12.5,0.99,0.07,0.042,0.14,119.6,00:17,9054,1569,1146,1659
12.6,0.91,0.07,0.041,0.15,122.7,00:19,10053,2099,2013,1655
11.1,0.91,0.07,0.041,0.15,121.3,00:49,11145,1079,2766,1623
26.3,0.91,0.07,0.041,0.15,120,00:17,9738,1106,1671,1657
12.2,0.99,0.08,0.045,0.15,127,00:18,10230,1612,0,1656
0,0.89,0.07,0.045,0.15,127,00:23,10884,1359,1779,1641
11.9,0.89,0.07,0.045,0.15,138.7,00:18,8985,2903,1233,1664
12.7,0.89,0.07,0.045,0.15,124.5,00:24,9717,1307,3177,1628
5.8,0.9,0.07,0.04,0.14,118.9,00:17,8751,225,2094,1632
12.4,0.9,0.07,0.04,0.14,118.9,00:18,8769,2419,2082,1655
12.9,0.89,0.07,0.04,0.14,120.4,00:34,9234,2505,1002,1639
12.4,0.99,0.07,0.04,0.14,116.5,00:16,10155,2049,0,1644
0,0.99,0.07,0.04,0.14,104.1,00:23,7263,1740,2034,1629
13.1,0.99,0.07,0.04,0.14,125.6,00:28,7239,1479,1662,1597
0,0.99,0.07,0.04,0.14,138,00:38,11865,3655,0,1603
11.9,0.96,0.07,0.041,0.14,122,00:19,9060,1304,1854,1633
11.6,0.96,0.07,0.041,0.14,125.8,00:24,8961,0,2046,1626
0,0.78,0.06,0.041,0.14,119.5,00:18,9825,990,0,1629
11.5,0.78,0.06,0.041,0.14,130.1,00:23,8412,0,1593,1645
12.4,0.77,0.05,0.039,0.14,121.5,00:42,7593,1507,978,1662
12.4,0.85,0.06,0.042,0.15,85.3,00:55,9495,935,1173,1609
8.4,0.85,0.06,0.042,0.15,124.3,00:19,9408,0,1020,1685
12.7,0.85,0.06,0.042,0.15,139.4,00:17,7914,264,1323,1572
11.8,0.82,0.06,0.043,0.13,124.8,00:18,10269,0,1662,1633
7.8,0.87,0.06,0.042,0.14,122.5,00:27,10071,1677,0,1617
10.8,0.87,0.06,0.042,0.14,122.5,00:18,8622,650,1293,1672
12.7,0.8,0.058,0.043,0.134,122,00:25,8466,624,1002,1606
11.2,0.8,0.058,0.043,0.134,127.4,00:22,10572,1197,987,1624
11.4,0.89,0.06,0.044,0.13,138.1,00:28,8940,1440,1482,1697
11.1,0.89,0.06,0.044,0.13,127.6,00:16,9078,957,1071,1654
13.8,0.89,0.06,0.044,0.13,118.8,00:19,9936,1094,0,1591
12.3,0.89,0.06,0.044,0.13,119.1,00:27,10491,2509,0,1666
11.3,1,0.067,0.044,0.136,121.9,00:24,9462,1549,1002,1625
12.8,0.99,0.058,0.045,0.14,118.7,00:26,9282,1227,993,1641
6.7,0.92,0.056,0.044,0.15,130,00:27,11829,712,0,1626
12.1,0.92,0.056,0.044,0.15,130,00:31,10950,1023,0,1655
0,1.05,0.056,0.046,0.13,63.8,00:11,7404,768,0,1658
12.1,1.12,0.07,0.043,0.15,0.7,00:25,11976,1326,0,1652
10.3,1.14,0.05,0.041,0.13,0.1,00:26,12900,0,747,1643
13.5,1.15,0.059,0.043,0.133,129.1,00:31,11427,0,0,1686
11.2,1.12,0.05,0.041,0.13,128.1,00:37,11661,0,885,1708
11.4,1.16,0.056,0.044,0.136,121.3,00:28,11205,1103,0,1665
0,1.04,0.055,0.042,0.13,46.6,00:08,7434,447,0,1643
11.9,1.04,0.055,0.042,0.13,117.7,00:18,11826,1065,0,1694
10.9,1.24,0.06,0.045,0.15,122.7,00:44,10527,1530,525,1700
11.6,1.24,0.06,0.045,0.15,119.8,00:21,11922,183,1569,1637
11,1.24,0.06,0.045,0.15,120.4,00:46,11349,441,1311,1594
0,1.24,0.06,0.045,0.15,123.8,00:26,10176,2205,0,1679
11.2,0.85,0.05,0.05,0.16,126.3,00:26,9957,1116,1314,1683
11.4,0.85,0.05,0.05,0.16,119.1,00:17,9324,2589,1260,1644
11.4,0.85,0.05,0.05,0.16,120.9,00:18,9717,2405,552,1659
15.1,0.85,0.05,0.05,0.16,122,00:34,10374,2275,1248,1633
12.8,0.86,0.06,0.048,0.14,123.1,00:19,8583,2479,1815,1611
13.5,0.86,0.06,0.048,0.14,123.4,00:25,9810,1462,1584,1663
11.2,0.79,0.05,0.048,0.14,120.8,00:16,9804,2073,0,1683
11.5,0.79,0.05,0.048,0.14,119.2,00:29,9072,1393,0,1688
11.4,0.79,0.05,0.048,0.14,125.3,00:26,9933,2104,1023,1636
11.5,0.79,0.05,0.048,0.14,122.8,00:26,10191,1544,0,1666
10.5,0.93,0.06,0.045,0.16,121.7,00:24,9987,3009,0,1705
11.7,0.93,0.06,0.045,0.16,118,00:25,10362,2033,0,1663
12.6,0.95,0.05,0.039,0.155,116.6,00:24,9948,2996,981,1654
13.1,0.95,0.05,0.039,0.155,119.8,00:37,10779,2637,0,1683
12.3,0.97,0.05,0.041,0.15,121.5,00:27,12096,0,1536,1594
11.2,1.02,0.054,0.044,0.137,116.5,00:25,11487,216,0,1702
12.2,0.92,0.05,0.047,0.14,118.5,00:28,9960,3132,0,1644
8.2,0.8,0.05,0.049,0.14,0,00:06,10170,1559,0,1712
9.9,1.15,0.062,0.05,0.134,118.2,00:28,10482,2845,1917,1636
12.2,1,0.052,0.051,0.156,122.6,00:24,10758,1822,0,1632
11.3,1,0.053,0.047,0.138,113.7,00:26,10899,1294,1227,1622
12.2,1.16,0.05,0.052,0.16,119.9,00:18,9975,2191,15,1650
11,1.16,0.05,0.052,0.16,120,00:31,10344,1531,1527,1667
11.9,0.98,0.05,0.05,0.135,115,00:18,9765,2683,0,1609
12.2,0.95,0.05,0.05,0.15,114.3,00:18,9690,909,0,1684
11.7,0.95,0.05,0.05,0.15,114.3,00:28,9789,1306,1185,1677
6.8,0.94,0.06,0.048,0.14,122.1,00:19,9837,1826,0,1674
10.4,0.98,0.05,0.054,0.14,122.6,00:28,10140,1507,1530,1646
11.8,0.99,0.06,0.048,0.15,114.7,00:19,9093,2453,2112,1659
11.3,0.99,0.06,0.048,0.15,121.6,00:17,8646,3855,0,1654
0,0.99,0.06,0.048,0.15,145.8,00:26,12030,3944,0,1712
9.6,0.99,0.06,0.048,0.15,121.5,00:18,7041,2955,0,1664
9.1,0.99,0.06,0.048,0.15,117.8,00:21,10833,1878,0,1624
12.9,0.96,0.05,0.058,0.1,117.9,00:25,9867,1165,0,1697
11.2,0.87,0.053,0.053,0.15,117.4,00:28,10650,850,0,1665
0,0.802,0.053,0.058,0.13,112.2,00:16,11214,1172,0,1656
0,0.92,0.05,0.054,0.14,122.7,00:25,11292,1780,0,1641
12.4,0.92,0.05,0.054,0.14,122.5,00:18,8973,1193,1983,1672
12.4,0.92,0.05,0.054,0.14,115.4,00:19,8973,1193,1983,1672
11.9,1.19,0.064,0.051,0.15,0,00:26,12132,1409,0,1646
11.2,1.19,0.064,0.051,0.15,104,00:26,8673,1496,0,1672
12.6,1.19,0.064,0.051,0.15,104,00:19,10023,1710,0,1634
12.2,0.92,0.06,0.043,0.14,109.9,00:32,10989,1946,0,1617
11.6,0.95,0.06,0.043,0.14,110.4,00:41,10197,2993,0,1645
11.5,0.95,0.06,0.043,0.14,110.1,00:31,10443,2688,0,1668
11.3,1.02,0.06,0.042,0.15,109.2,00:23,10878,2670,0,1654
12.1,1.02,0.06,0.042,0.15,111.7,00:23,9957,1340,966,1654
12,1.02,0.06,0.042,0.15,111.7,00:16,10236,2068,0,1633
11.8,0.94,0.066,0.039,0.14,116.5,00:22,9954,2009,219,1654
11.8,0.94,0.066,0.039,0.14,115.7,00:22,9318,1906,0,1644
12.8,0.94,0.066,0.039,0.14,139.6,00:28,9963,2025,189,1682
13.1,0.81,0.066,0.041,0.145,122,00:42,10101,1675,0,1653
12.4,0.81,0.066,0.041,0.145,81.1,00:26,9963,426,0,1692
14.1,0.78,0.066,0.043,0.146,115,00:19,7941,2233,2952,1646
12.4,0.78,0.066,0.043,0.146,111,00:31,9999,1426,0,1676
15.7,0.81,0.067,0.044,0.183,109.4,00:16,8982,1391,1005,1618
12.4,0.81,0.067,0.044,0.183,126,00:17,8193,2261,0,1664
0,0.8,0.07,0.048,0.15,136,00:16,7338,1828,1029,1632
12.3,0.82,0.065,0.042,0.14,115,00:21,8073,2529,525,1646
11.5,0.8,0.07,0.041,0.14,110,00:20,8664,2415,1506,1568
12.8,0.77,0.07,0.042,0.14,126.2,00:46,9084,918,1596,1619
11.7,0.87,0.07,0.042,0.15,124.6,00:19,7224,192,1791,1709
12.9,0.87,0.07,0.042,0.15,123.5,00:50,8982,1839,1554,1648
12.2,0.9,0.07,0.042,0.14,118.1,00:38,8802,0,2463,1651
12,0.78,0.07,0.045,0.15,120.7,00:32,8049,795,1677,1615
11.8,0.7,0.07,0.041,0.14,123.2,00:33,8148,726,2433,1630
10.6,0.6,0.066,0.045,0.14,87.3,00:18,6690,1144,2565,1655
11.1,0.58,0.07,0.045,0.14,121,00:20,8070,0,672,1663
0,0.58,0.07,0.045,0.14,117.9,00:25,8064,975,519,1655
9.3,0.58,0.07,0.045,0.14,125.9,00:21,8031,0,678,1653
0,0.5,0.07,0.043,0.13,51.1,00:33,6369,1766,0,1663
12.2,0.75,0.063,0.044,0.143,122.4,00:26,8967,2009,0,1672
11.2,0.63,0.064,0.04,0.13,109.8,00:16,7944,2088,258,1703
11.1,0.63,0.064,0.04,0.13,117.9,00:21,8442,513,1227,1654
10.5,0.63,0.064,0.04,0.13,128.9,00:18,8556,1804,1392,1672
13.6,0.81,0.06,0.041,0.13,113.8,00:18,8691,516,1488,1650
12.4,0.68,0.06,0.041,0.13,121.2,00:19,8103,633,1593,1678
13.2,0.7,0.06,0.042,0.13,129.8,00:20,6723,1881,2103,1668
11.4,0.7,0.06,0.042,0.13,122.8,00:41,8751,1128,1686,1683
11.7,0.78,0.056,0.043,0.13,125.7,00:21,6846,1494,2076,1650
12,0.88,0.059,0.048,0.14,119.7,00:19,7221,1419,1500,1661
11.4,0.84,0.054,0.048,0.13,118.7,00:17,8157,1562,1566,1657
11.6,0.84,0.054,0.048,0.13,7.2,00:47,8217,1656,1572,1653
11.9,0.86,0.06,0.047,0.14,119.9,00:24,6993,2105,2112,1710
12.6,0.78,0.056,0.042,0.135,114.9,00:30,7353,1549,1635,1635
12.6,0.78,0.056,0.042,0.135,123.3,00:15,7398,3951,2592,1633
12.6,0.78,0.056,0.042,0.135,103.1,00:37,7551,1239,1641,1665
11.2,0.72,0.053,0.046,0.136,123.2,00:24,6753,2403,3141,1632
12.5,0.83,0.05,0.045,0.14,125,00:32,7977,1866,1479,1545
12.5,0.83,0.05,0.045,0.14,116.8,00:18,7494,2503,0,1676
14.2,0.74,0.05,0.047,0.13,127,00:26,9624,1066,0,1633
12,0.74,0.05,0.047,0.13,116.9,00:38,9408,588,0,1688
12.6,0.7,0.047,0.05,0.14,116.9,00:29,7947,395,0,1677
10.2,0.62,0.05,0.048,0.14,124.6,00:24,8097,1525,0,1666
0,0.65,0.057,0.048,0.14,125.2,00:26,9579,0,0,1731
9.8,0.65,0.057,0.048,0.14,126.8,00:19,9771,2754,0,1682
11,0.82,0.049,0.05,0.15,123.2,00:21,7935,1308,1584,1683
9.8,0.82,0.049,0.05,0.15,124.3,00:30,9279,1608,825,1713
11.1,0.82,0.049,0.05,0.15,124.4,00:19,7971,2447,501,1735
10.4,0.8,0.05,0.05,0.136,121.6,00:38,9990,2407,1500,1604
14,0.93,0.051,0.051,0.14,121.9,00:19,9081,1055,2064,1662
11.1,0.93,0.051,0.051,0.14,126.3,00:35,9354,1458,1080,1724
0,0.9,0.05,0.048,0.14,124.2,00:29,9096,3111,1011,1689
12.1,0.7,0.06,0.048,0.14,120.8,00:41,9123,2431,1554,1657
12,1.02,0.06,0.045,0.15,123.5,00:46,10107,2311,1890,1635
12,1.03,0.05,0.044,0.14,125,00:19,9201,895,1569,1722
9,1.02,0.055,0.044,0.14,124.2,00:52,10386,2817,915,1657
7,1.19,0.06,0.043,0.15,119.7,00:37,9084,1417,2148,1661
12,0.79,0.05,0.051,0.14,123.3,00:28,8679,2593,1770,1614
15.2,0.92,0.05,0.045,0.12,121.8,00:24,9090,1015,1188,1684
17.3,0.78,0.05,0.048,0.13,120.9,00:23,8466,791,2091,1657
14.5,0.82,0.05,0.049,0.14,123.3,00:18,9417,2751,0,1666
12.1,0.82,0.05,0.049,0.14,125,00:17,9240,1177,1548,1630
13,0.82,0.05,0.049,0.14,117.3,00:19,8616,1110,1524,1633
12.5,0.75,0.05,0.053,0.14,117.3,00:17,9384,1410,1548,1636
11.2,0.89,0.06,0.047,0.15,105,00:21,9978,1055,0,1674
11.4,0.89,0.06,0.047,0.15,106.8,00:25,10197,3052,0,1707
10.7,0.89,0.06,0.047,0.15,127.6,00:29,9510,1422,2082,1604
12.1,0.74,0.05,0.056,0.134,127.6,00:25,10383,3226,0,1662
10.7,0.75,0.053,0.052,0.139,127.8,00:17,9513,1894,996,1672
11.9,0.85,0.053,0.051,0.146,122.4,00:26,9969,3100,0,1655
6.5,0.85,0.053,0.051,0.146,129.3,00:17,8775,2506,1572,1674
10.8,0.77,0.054,0.053,0.155,117,00:37,7695,1883,1365,1653
12,0.71,0.054,0.056,0.15,123.2,00:32,7989,1482,1002,1602
12.6,0.72,0.058,0.055,0.15,121.8,00:24,7539,1968,2319,1649
12.6,0.67,0.055,0.056,0.15,121.8,00:45,8778,1256,1557,1677
11.9,0.65,0.06,0.054,0.15,126.7,00:28,8952,2008,0,1627
11.1,0.65,0.06,0.054,0.15,131.3,00:27,8472,517,987,1707
11.9,0.73,0.067,0.048,0.145,120,00:20,9471,1387,1665,1616
11.3,0.73,0.067,0.048,0.145,119.7,00:26,9999,1015,1020,1665
12.4,0.97,0.83,0.046,0.15,119.9,00:22,9336,977,978,1657
11.9,0.88,0.075,0.057,0.18,120.5,00:23,10281,1027,984,1667
11.2,0.91,0.074,0.051,0.15,116.4,00:40,10446,1190,888,1704
11.7,0.91,0.074,0.051,0.15,120.8,00:32,10245,928,1446,1645
11.2,0.91,0.074,0.051,0.15,125.2,00:28,9669,2429,1086,1625
11.8,0.99,0.085,0.047,0.16,119.9,00:48,10317,1593,1674,1646
11.3,0.98,0.08,0.048,0.16,124,00:34,9933,1828,1023,1666
11.9,1.09,0.09,0.048,0.16,119,00:28,9978,2000,1125,1663
11.5,1.04,0.08,0.043,0.14,123.3,00:22,10803,2722,870,1635
0,1.27,0.08,0.044,0.15,122.5,00:48,10920,2038,0,1630
10.9,1.27,0.08,0.044,0.15,119.9,00:44,9396,1074,1506,1627
12.3,0.91,0.08,0.043,0.14,119.9,00:27,10050,1198,984,1654
12.3,0.86,0.082,0.041,0.16,118.4,00:33,7989,1048,924,1614
11.7,0.83,0.083,0.038,0.16,118.3,00:42,8910,1044,1011,1675
12.7,0.83,0.085,0.037,0.154,124,00:37,7728,1380,1629,1643
12.6,0.77,0.08,0.037,0.16,129.2,00:27,7992,2371,0,1617
13,0.77,0.08,0.037,0.16,45.6,00:29,8196,1809,0,1644
0,0.73,0.075,0.042,0.145,45.6,00:13,8643,1058,1020,1635
12.6,0.66,0.08,0.04,0.147,0,00:18,8727,618,1530,1639
8.6,0.89,0.078,0.044,0.147,0,00:27,9630,1059,1026,1648
12.4,0.9,0.074,0.042,0.15,0,00:34,9279,561,1143,1630
0,0.9,0.074,0.042,0.15,121.1,00:18,7887,965,849,1650
12,0.8,0.075,0.041,0.14,0,00:25,7425,718,1074,1690
12.6,0.8,0.075,0.041,0.14,115.8,00:30,7719,1882,735,1670
11.5,0.68,0.07,0.039,0.14,0,00:27,6846,177,1026,1645
12.1,0.64,0.07,0.039,0.14,118.7,00:26,8325,568,582,1678
12.5,0.69,0.06,0.04,0.14,109.5,00:31,7509,2068,1203,1656
12,0.66,0.07,0.04,0.14,0,00:18,9405,563,579,1706
10.9,0.8,0.07,0.043,0.13,111.5,00:28,12702,500,1023,1693
12.5,0.87,0.066,0.04,0.13,124.7,00:31,7551,1438,0,1706
12.6,1,0.06,0.039,0.13,119.3,00:46,8616,1657,573,1671
11.9,1.05,0.065,0.039,0.14,119.5,00:30,10632,2072,1566,1702
13.4,1.06,0.063,0.043,0.14,127.2,00:37,9951,0,495,1667
11.7,1.2,0.066,0.048,0.14,0,00:26,9015,2146,1752,1624
11.9,1.2,0.066,0.048,0.14,121.8,00:44,10014,1097,1008,1645
11.7,1.09,0.068,0.042,0.143,121.8,00:26,8829,1481,1533,1614
10.5,0.99,0.067,0.041,0.14,127.9,00:33,9516,1061,1008,1674
0,1,0.066,0.043,0.15,127.9,00:31,8559,578,1572,1708
0,0.85,0.066,0.044,0.149,121.1,00:29,7680,2238,2118,1662
12.9,0.85,0.066,0.044,0.149,117.5,00:16,7446,2113,1548,1685
9.9,1.1,0.069,0.046,0.147,0,00:22,8202,913,1455,1665
12.9,1.123,0.069,0.044,0.144,2.8,00:15,7788,3114,1986,1704
11.6,1.1,0.069,0.042,0.137,2.8,00:30,7866,1561,1560,1665
9.7,1.1,0.069,0.042,0.137,0,00:28,7002,1402,2004,1661
0,1.2,0.067,0.052,0.142,99.5,00:29,7992,2705,0,1635
0,1,0.075,0.042,0.14,0,00:59,8028,4205,0,1694
0,1,0.08,0.038,0.15,0,00:29,7146,2955,1014,1654
0,0.99,0.07,0.039,0.14,159.7,00:34,9477,2712,1014,1645
0,1.02,0.075,0.038,0.15,13.6,00:19,7302,1792,1566,1622
0,1.03,0.08,0.038,0.15,116.7,00:27,7131,2466,1272,1658
15.1,1.03,0.08,0.038,0.15,121.3,00:41,7572,1437,1974,1644
19.2,1.1,0.08,0.039,0.16,120,00:28,8019,2341,1986,1585
13.7,1,0.081,0.04,0.15,125.4,00:28,7365,1886,2118,1652
13.2,1.05,0.083,0.032,0.15,126.4,00:24,7914,1801,1518,1600
15.6,1.05,0.083,0.032,0.15,121.7,00:28,7200,2666,996,1615
14.4,0.94,0.073,0.049,0.14,124.9,00:28,7722,2060,0,1656
12.6,0.94,0.073,0.049,0.14,118.5,00:28,8130,646,1119,1697
12.3,0.88,0.069,0.055,0.14,123.4,00:24,8205,1619,1647,1584
15.2,0.78,0.07,0.047,0.14,122.6,00:25,8691,2293,0,1625
14.3,0.8,0.07,0.048,0.145,123.8,00:29,5058,1422,846,1601
14.6,0.94,0.07,0.043,0.14,122.3,00:28,8196,350,0,1669
14.1,0.92,0.07,0.045,0.14,120.1,00:39,8139,1257,0,1700
0,0.92,0.07,0.045,0.14,131,00:23,5802,1428,0,1635
14.8,0.92,0.07,0.045,0.14,122.1,00:45,8121,3057,0,1683
15,1.02,0.08,0.037,0.14,120,00:41,9489,2395,0,1657
15,1.01,0.08,0.033,0.14,122.8,00:56,8778,2029,2166,1663
14.7,1.01,0.08,0.036,0.15,121.4,00:42,9588,3776,0,1667
15,1,0.08,0.035,0.145,123.6,00:33,9981,2703,1617,1655
15,1,0.08,0.035,0.145,119,00:31,9537,3521,885,1605
14.1,0.98,0.08,0.033,0.146,122.1,00:32,9675,3374,1470,1667
14.4,0.98,0.08,0.033,0.146,122.1,00:29,9555,2519,0,1677
0,0.98,0.084,0.033,0.15,117.5,00:27,8508,2125,1140,1660
14.7,1,0.087,0.034,0.15,0,00:24,10161,2343,0,1676
17.2,1.06,0.08,0.041,0.15,115.6,00:23,7512,2265,2013,1667
13.4,1.06,0.08,0.041,0.15,117.1,00:26,9006,2516,60,1665
14.1,1.01,0.085,0.044,0.14,114,00:23,7233,2981,1593,1670
13.4,0.92,0.08,0.036,0.14,107.2,00:25,8934,2556,0,1646
13.2,0.92,0.08,0.036,0.14,123,00:24,6636,2859,1014,1661
0,0.82,0.08,0.035,0.145,123,00:22,7974,2005,1026,1587
0,0.82,0.08,0.035,0.145,114.5,00:23,5811,3039,2889,1648
13.4,0.82,0.08,0.035,0.145,116.4,00:41,7119,1774,648,1656
15.3,0.79,0.08,0.034,0.15,0,00:19,8076,420,1980,1709
11.8,0.79,0.08,0.034,0.15,0,00:43,7542,2691,522,1683
14.6,0.83,0.07,0.03,0.15,0,00:19,7935,1291,1290,1702
14.5,0.92,0.08,0.036,0.14,114.2,00:28,9402,1368,987,1674
14.1,0.92,0.08,0.036,0.14,111.6,00:25,6837,2361,549,1651
14.7,0.86,0.09,0.032,0.15,119.2,00:18,6960,2365,1761,1682
0,0.95,0.09,0.035,0.15,114.5,00:40,5670,2498,228,1654
15,0.99,0.08,0.033,0.14,117.7,00:18,7002,1975,1503,1659
15.3,0.99,0.08,0.033,0.14,122.7,00:47,9717,4935,0,1694
14.4,1,0.085,0.032,0.15,122.3,00:25,7905,1930,1947,1679
14.8,1,0.09,0.036,0.146,127.5,00:34,8715,3093,0,1645
14.6,1,0.09,0.036,0.146,122.8,00:28,7953,2101,2151,1661
14.1,1,0.09,0.036,0.146,117.5,00:29,9660,2208,2193,1657
15,1.11,0.085,0.04,0.16,124.4,00:38,9633,3166,0,1652
15.4,1.16,0.094,0.04,0.15,124.4,00:29,9579,3642,2163,1704
16,1.09,0.08,0.035,0.15,123.3,00:33,8847,3133,0,1656
0,1.13,0.08,0.041,0.14,122.5,00:29,9891,3630,1857,1502
15.4,1.13,0.08,0.041,0.14,123.3,00:56,8781,2556,0,1656
15.6,0.93,0.074,0.039,0.15,136.3,00:33,8859,2010,0,1664
15,0.93,0.074,0.039,0.15,117.6,00:25,8058,4011,0,1614
12.7,1.01,0.07,0.043,0.13,124.5,00:26,9669,1498,1590,1669
14.7,1.01,0.07,0.043,0.13,95.1,00:18,9309,2410,1530,1263
13.2,0.97,0.07,0.044,0.14,123.8,00:18,9081,2279,0,1673
15,0.97,0.07,0.044,0.14,117.8,00:26,9873,2890,1557,1662
15.9,0.97,0.07,0.044,0.14,119.2,00:40,9993,1869,0,1634
11.1,0.99,0.063,0.039,0.133,124,00:56,8442,1895,2166,1656
12.5,0.99,0.058,0.041,0.139,91.6,00:25,8940,1911,0,1673
11.2,0.86,0.069,0.043,0.145,119,00:30,9000,2736,1551,1671
11.5,1,0.059,0.046,0.14,130.4,00:35,9108,2593,477,1665
10.9,1,0.059,0.046,0.14,16.7,00:55,12216,2596,0,1647
14.5,0.99,0.06,0.04,0.155,120.9,00:31,10281,1321,1608,1625
14.3,1.1,0.06,0.04,0.14,116.9,00:24,8769,2041,1140,1659
16.8,1.1,0.06,0.04,0.14,117.2,00:27,10782,1971,0,1667
15,1.15,0.06,0.042,0.14,117.3,00:55,8661,1852,1158,1674
13.9,1.1,0.06,0.04,0.14,112.5,00:25,10755,2350,0,1687
14.8,1.05,0.06,0.039,0.14,122.1,00:28,8655,2361,1110,1657
13.4,1.05,0.06,0.039,0.14,121.6,00:26,10656,2897,0,1674
14.8,0.97,0.06,0.039,0.15,119.9,00:26,8547,2637,1149,1686
14.5,0.97,0.06,0.039,0.15,117.7,00:27,8994,2125,0,1657
0,0.97,0.06,0.039,0.15,113.7,00:42,7263,2137,1125,1708
14.7,0.86,0.06,0.036,0.15,117.9,00:40,8799,3195,0,1656
14.5,0.86,0.06,0.036,0.15,117.9,00:33,7029,5309,1038,1674
14.6,0.87,0.06,0.04,0.155,114.8,00:41,8511,2776,0,1646
15.7,0.87,0.06,0.04,0.155,124.2,00:38,8586,2258,0,1653
14,1,0.063,0.041,0.154,119.5,00:32,8808,3267,0,1622
17.7,1,0.063,0.041,0.154,119.2,00:28,8484,2037,0,1617
15,0.93,0.06,0.039,0.143,118.4,00:21,10533,1365,0,1663
15.1,0.92,0.07,0.04,0.14,114.6,00:38,8655,2066,0,1645
14,0.92,0.07,0.04,0.14,116,00:23,8868,996,0,1687
14.7,0.92,0.07,0.04,0.14,109.9,00:51,7677,1522,0,1708
14.5,0.97,0.065,0.042,0.16,114.1,00:26,8946,2519,0,1657
13.7,0.97,0.065,0.042,0.16,118.4,00:27,10896,1444,0,1672
16.2,0.97,0.065,0.042,0.16,119.6,00:30,8463,1984,0,1674
13.6,0.96,0.07,0.044,0.13,113.2,00:31,7860,1691,0,1689
14.5,0.93,0.07,0.036,0.135,109.3,00:26,7995,2011,996,1655
13.3,0.93,0.07,0.036,0.135,115.7,00:27,9024,2013,933,1693
14.6,0.99,0.069,0.034,0.144,117.4,00:20,7743,1912,1002,1654
15.9,0.99,0.069,0.034,0.144,117.4,00:24,7926,2508,1008,1655
14.4,0.98,0.069,0.143,0.033,119.4,00:25,7929,2283,1014,1658
15.1,0.98,0.069,0.143,0.033,113.8,00:51,7974,2279,885,1656
0,1,0.07,0.033,0.146,117.7,00:24,9477,2184,1020,1682
15.3,1,0.07,0.033,0.146,123.2,00:50,10890,3201,0,1705
15,1.08,0.07,0.037,0.17,120,00:48,9498,3071,1233,1646
15.5,1,0.07,0.035,0.15,122.9,00:27,9018,2642,1200,1678
14.9,1,0.07,0.034,0.146,116.8,00:24,8829,5106,1125,1730
15.2,0.99,0.08,0.036,0.15,119.4,00:47,8952,2823,192,1645
14.4,0.98,0.07,0.035,0.14,118.8,00:31,8823,2471,0,1654
13.2,0.98,0.07,0.035,0.14,116.3,00:35,8937,2208,1029,1676
14,0.98,0.07,0.035,0.14,118.4,00:41,8982,2082,0,1674
14.6,0.98,0.07,0.035,0.14,0,00:26,8910,2524,1032,1663
14.4,0.98,0.07,0.035,0.14,123.8,00:38,10050,3704,0,1697
14.6,0.98,0.076,0.043,0.17,122,00:30,7977,3117,999,1666
15.9,0.97,0.073,0.036,0.15,116.7,00:23,7965,3386,999,1678
14.7,1.02,0.07,0.038,0.142,116.6,00:02,9267,3453,0,1596
14.2,1.02,0.07,0.038,0.142,118.3,00:21,8943,2727,1005,1676
15.9,1.02,0.07,0.038,0.142,118.3,00:31,8241,2580,0,1673
20.2,0.95,0.076,0.036,0.144,119.6,00:40,9480,1602,0,1653
20.2,0.97,0.07,0.039,0.14,116.4,00:42,8310,2587,0,1644
15.2,0.97,0.07,0.039,0.14,116.4,00:20,9126,2526,1014,1636
15.6,0.97,0.07,0.038,0.135,123.5,00:33,6912,2854,0,1676
14.7,0.97,0.07,0.038,0.135,113.9,00:32,9126,2566,1017,1698
0,0.95,0.07,0.037,0.14,125.1,00:06,7422,0,0,1604
14.5,0.95,0.07,0.037,0.14,125.1,00:31,9762,2844,1005,1622
16.2,0.96,0.07,0.037,0.14,102.3,00:27,10167,1135,2028,1643
16.3,0.96,0.07,0.037,0.14,120.1,00:23,9921,2879,1128,1652
14.4,0.99,0.07,0.038,0.14,118.1,00:23,9975,600,2319,1666
15,0.99,0.07,0.038,0.14,156.4,00:22,9756,2210,1110,1634
14.2,0.99,0.07,0.038,0.14,117.3,00:23,8931,1557,1104,1643
15.3,0.93,0.07,0.034,0.14,0,00:35,9081,1116,954,1633
13.7,0.93,0.07,0.034,0.14,114.6,00:30,10089,2316,1425,1637
14.4,0.89,0.07,0.034,0.14,120.9,00:31,8943,736,1683,1662
0,0.99,0.081,0.034,0.14,118.2,00:23,9492,1602,993,1675
0,1.05,0.068,0.037,0.14,0,00:44,12450,3094,1335,1675
15.1,1.05,0.068,0.037,0.14,117.8,00:53,9174,1995,1398,1666
14,0.82,0.072,0.034,0.145,117.8,00:24,9273,1211,1380,1643
0,0.82,0.072,0.034,0.145,120.1,00:39,9291,2424,1425,1671
14.8,0.82,0.07,0.033,0.145,120.9,00:29,8544,1004,1449,1674
14.2,0.82,0.07,0.033,0.145,120,00:39,9513,2409,1116,1673
14.3,0.82,0.07,0.033,0.145,120,00:30,9477,2509,1485,1682
13.5,0.93,0.073,0.027,0.142,121.2,00:29,9903,2787,1110,1671
12.4,0.93,0.073,0.027,0.142,121.2,00:23,9960,2491,987,1655
12.4,0.99,0.074,0.024,0.141,120,00:28,9969,1522,2046,1642
15,0.93,0.071,0.025,0.138,121.5,00:29,9720,3290,0,1644
15,0.93,0.071,0.025,0.138,107.9,00:24,9687,3646,1113,1617
14.5,0.98,0.07,0.031,0.14,115.8,00:25,9990,1999,2019,1624
14.1,0.98,0.07,0.031,0.14,120,00:24,9741,2478,1089,1627
14.8,0.94,0.07,0.026,0.13,117.9,00:23,9984,1642,2310,1652
16.4,0.94,0.07,0.026,0.13,115.8,00:25,8844,1422,816,1652
8.4,1.1,0.09,0.032,0.13,118.1,00:24,10188,1138,1554,1604
0,1.1,0.09,0.032,0.13,122.4,00:21,9174,2524,972,1656
15,0.9,0.07,0.032,0.15,120,00:28,10470,225,1518,1625
0,0.9,0.07,0.032,0.15,119.2,00:17,8022,3572,1149,1647
15.7,0.76,0.06,0.035,0.13,120.4,00:31,7068,2090,1098,1640
15.7,0.85,0.06,0.035,0.13,101.9,00:23,8580,438,261,1646
13,0.85,0.06,0.035,0.13,101.9,00:17,8079,840,1101,1680
14.4,0.87,0.06,0.035,0.13,120.9,00:18,9498,2053,1170,1617
16.2,0.87,0.06,0.035,0.13,121.7,00:29,9195,1285,0,1616
0,0.87,0.06,0.035,0.13,0,00:29,9333,3058,297,1614
15.9,0.87,0.06,0.035,0.13,121.7,00:34,9264,2410,1104,1645
16.6,0.87,0.06,0.035,0.13,122.2,00:29,9027,435,0,1646
14.2,0.89,0.06,0.033,0.14,66,02:06,8883,524,0,1643
14.9,0.87,0.06,0.032,0.14,0,00:35,7464,2605,1506,1605
14.5,0.8,0.06,0.031,0.14,0,00:28,9108,758,0,1696
16.3,0.84,0.059,0.041,0.138,120,00:24,8556,1215,1404,1623
12.4,0.84,0.059,0.041,0.138,120,00:22,8871,2072,0,1649
14.5,0.84,0.059,0.041,0.138,120,00:24,8391,1238,1593,1643
14.6,0.84,0.059,0.041,0.138,121.6,00:24,8652,1095,990,1635
14.5,0.78,0.056,0.045,0.13,121.6,00:44,7983,669,1554,1647
15,0.78,0.056,0.045,0.13,112.9,00:25,8244,1445,1011,1591
15.1,0.81,0.055,0.043,0.13,120.8,00:26,9201,664,1536,1647
15.1,0.8,0.06,0.041,0.12,119.3,00:27,8988,0,483,1669
14,0.978,0.06,0.04,0.133,127.3,00:28,9984,669,1461,1615
15.4,1.02,0.06,0.037,0.13,126.5,00:26,9471,515,981,1672
14.7,0.79,0.06,0.039,0.13,129.9,00:29,9063,678,1494,1654
15,0.81,0.06,0.038,0.13,128.5,00:42,8148,2506,984,1673
11.6,0.81,0.06,0.038,0.13,121.3,00:24,9429,456,1701,1616
0,0.81,0.06,0.038,0.13,125.5,00:26,8826,1413,762,1663
14.7,0.87,0.057,0.043,0.12,122.9,00:30,9552,1930,0,1667
13.6,0.79,0.059,0.041,0.12,123.3,00:28,8787,1983,777,1693
14.8,0.79,0.059,0.041,0.12,123.3,00:39,9750,1549,0,1673
15,0.79,0.059,0.041,0.12,125.6,00:27,8481,3019,879,1647
15,0.9,0.058,0.043,0.13,120.3,00:27,10548,2464,0,1637
0,0.95,0.06,0.039,0.13,132.2,00:05,5226,0,0,1670
13.7,0.95,0.06,0.039,0.13,132.2,00:42,10419,2419,0,1675
15.7,0.87,0.06,0.039,0.139,117.2,00:26,9708,882,1176,1625
14.3,1.02,0.06,0.038,0.14,121.7,00:32,10833,1531,876,1528
14.9,1.1,0.063,0.038,0.14,116.6,00:35,9753,0,1794,1630
14.7,1.1,0.063,0.038,0.14,0,00:24,10125,368,1779,1647
13.9,1.02,0.06,0.042,0.15,112.1,00:16,11610,495,1017,1644
13.3,1.02,0.06,0.042,0.15,121.4,00:28,10236,2237,1053,1604
14.4,1.02,0.06,0.042,0.15,120.2,00:27,12483,1411,1470,1686
15,1.02,0.06,0.042,0.15,119.5,00:25,9939,895,1083,1659
14.6,0.99,0.05,0.044,0.13,120.5,00:24,10161,892,1965,1595
14.8,1.01,0.06,0.039,0.13,126.8,00:31,9843,0,0,1585
14.6,1.01,0.06,0.039,0.13,125.8,00:31,12336,1514,0,1632
14.2,0.92,0.056,0.045,0.135,121.9,00:52,11925,0,0,1684
15.3,0.94,0.056,0.048,0.13,122.5,00:24,13464,525,0,1756
0,1,0.06,0.042,0.125,133,00:27,11289,3888,0,1666
11.8,1,0.06,0.042,0.125,121.4,00:28,8106,0,2817,1607
11.6,1,0.06,0.042,0.125,124.7,00:26,8943,1489,147,1706
14.8,0.94,0.06,0.045,0.13,120,00:31,9087,1715,0,1666
15.4,0.94,0.06,0.045,0.13,124.9,00:25,9114,0,1542,1647
15.4,0.94,0.06,0.045,0.13,119.7,00:45,10146,1417,0,1675
15.1,1.1,0.07,0.041,0.13,122,00:28,10254,1885,0,1667
15.3,1.1,0.07,0.041,0.13,125.8,00:34,9915,1093,0,1670
14.7,1.14,0.07,0.038,0.14,119.6,00:15,9954,1552,0,1665
0,1.12,0.07,0.035,0.14,120,00:26,11292,2504,999,1676
13.4,1.1,0.065,0.035,0.14,35.9,00:22,10005,1008,0,1696
12.9,1.1,0.065,0.035,0.14,117.1,00:25,10980,1740,0,1656
0,1.1,0.065,0.036,0.14,120.3,00:16,11676,4195,0,1646
12.3,1.1,0.065,0.036,0.14,8.7,00:29,12015,2005,0,1656
0,1.1,0.065,0.036,0.14,121.6,00:04,6672,0,3135,1577
15.3,1,0.064,0.04,0.142,113.5,00:18,11955,2133,0,1673
13.1,1,0.064,0.04,0.142,114.4,00:21,12855,0,4083,1595
13.9,1.05,0.062,0.039,0.149,125.3,00:16,10479,1507,0,1545
14,1.05,0.062,0.039,0.149,118.2,00:53,10917,0,2118,1625
16.8,1.05,0.062,0.039,0.149,118.2,00:16,10857,1287,591,1665
13.7,1.03,0.064,0.04,0.135,117.3,00:33,11013,2068,0,1683
14.9,1.08,0.067,0.038,0.14,11.2,00:27,10521,0,1122,1694
11.1,1.08,0.067,0.038,0.14,119,00:50,14124,2321,1974,1655
0,1.08,0.067,0.038,0.14,0,00:43,11109,1458,3159,1713
15,1.08,0.067,0.038,0.14,0,00:29,10593,1390,1542,1606
12.3,0.97,0.06,0.036,0.15,124.6,00:32,8619,1467,1584,1601
14.8,1.01,0.06,0.035,0.14,124.6,00:30,10434,1953,0,1685
15.1,1.01,0.06,0.035,0.14,0,00:22,10257,1093,1104,1632
21.7,1.03,0.06,0.035,0.139,116.7,00:24,11532,0,0,1584
12.8,1.03,0.06,0.035,0.139,117.8,00:25,10413,382,1095,1666
14.7,1.1,0.07,0.03,0.15,118.6,00:53,11952,222,186,1655
13.5,1.03,0.07,0.029,0.15,114.1,00:15,10140,910,2004,1632
14.9,1.01,0.07,0.027,0.15,108.7,00:26,10581,675,1605,1685
15.8,1.01,0.07,0.027,0.15,0,00:25,9870,850,1113,1659
14.8,1.1,0.08,0.027,0.14,120.5,00:24,11070,1247,1572,1615
14,1.1,0.08,0.027,0.14,119.9,00:22,8517,0,2103,1691
14.7,1.09,0.08,0.029,0.14,113.8,00:50,9162,418,1134,1664
15,1.02,0.08,0.03,0.15,120.9,00:27,10674,2426,0,1609
14.4,0.98,0.08,0.03,0.15,118.3,00:29,8679,939,855,1534
0,0.98,0.08,0.03,0.15,122.1,00:23,9516,2116,1284,1718
15.5,1.01,0.08,0.028,0.15,120.5,00:33,9723,1200,0,1656
15.1,1.1,0.08,0.03,0.15,119,00:30,9099,1006,2040,1625
15.9,1.03,0.08,0.029,0.155,120.8,00:17,10140,1041,1002,1653
0,1.03,0.08,0.029,0.155,126.9,00:24,9441,1828,0,1642
14.3,1.03,0.08,0.029,0.155,126.9,00:18,11433,518,1005,1654
14.8,0.88,0.074,0.03,0.146,123.8,00:37,8457,1955,0,1597
14.2,0.88,0.074,0.03,0.146,114.6,00:17,9438,529,1002,1616
14.2,0.88,0.074,0.03,0.146,123.7,00:19,8919,1614,1005,1689
14.2,0.88,0.074,0.03,0.146,0,00:35,8196,896,0,1647
15.8,0.88,0.074,0.03,0.146,127,00:34,10506,1939,0,1647
15.1,0.87,0.07,0.029,0.14,119.6,00:51,9663,1910,681,1595
14.2,0.82,0.07,0.03,0.14,0,00:20,8337,2544,759,1623
12.5,0.84,0.07,0.033,0.145,123.6,00:20,9711,189,2397,1626
15.2,0.9,0.07,0.033,0.14,123.6,00:20,11289,663,2640,1668
14.8,0.9,0.07,0.033,0.15,118.3,00:35,10830,0,1710,1656
16.2,0.84,0.07,0.032,0.14,116.8,00:17,9186,1479,768,1673
14.3,0.84,0.07,0.032,0.14,125,00:18,10479,216,1716,1594
0,0.84,0.07,0.032,0.14,112.9,00:16,9033,3485,897,1714
14.3,0.94,0.08,0.034,0.14,121.1,00:17,11559,228,2022,1635
14,0.94,0.08,0.034,0.14,121.1,00:18,8946,2062,1449,1645
14.5,0.95,0.07,0.035,0.14,120.7,00:49,10194,1705,0,1642
15.3,0.95,0.07,0.035,0.14,117.6,00:19,7599,690,2424,1692
15.4,0.95,0.071,0.03,0.14,119.2,00:24,9561,940,978,1646
14.4,0.95,0.071,0.03,0.14,124.8,00:19,8082,1397,1941,1685
12.9,0.95,0.071,0.03,0.14,124.2,00:28,8226,1327,975,1635
14.8,0,0,0,0,118.6,00:26,10527,1480,999,1646
14.7,0.81,0.07,0.032,0.14,119.4,00:18,8124,1133,1968,1652
14.3,0.89,0.07,0.025,0.14,120.7,00:18,9942,1997,939,1614
0,0.89,0.07,0.025,0.14,0,00:17,9951,3151,1113,1736
0,0.89,0.07,0.025,0.14,0,00:16,11607,0,1911,1584
14.6,0.91,0.07,0.022,0.13,0,00:16,10425,1082,1107,1638
14.1,0.91,0.07,0.022,0.13,0,00:16,10938,0,0,1624
18.1,0.86,0.07,0.022,0.14,0,00:17,12636,0,507,1643
0,0.88,0.07,0.023,0.15,0,00:22,10485,1076,1119,1672
17.8,0.88,0.07,0.023,0.15,0,00:25,11445,0,0,1662
0,0.85,0.07,0.024,0.14,0,00:17,10455,1695,1101,1625
13.9,0.82,0.07,0.024,0.14,0,00:17,10875,1008,0,1666
0,0.82,0.07,0.024,0.14,0,00:43,9819,1337,1107,1653
15,0.88,0.075,0.028,0.14,0,00:34,8565,1262,0,1626
0,0.88,0.075,0.028,0.14,0,00:17,9312,2858,1557,1618
13.6,0.63,0.07,0.025,0.13,0,00:33,8637,741,1557,1671
14.6,0.78,0.072,0.04,0.14,0,00:27,8931,605,0,1607
14.2,0.78,0.072,0.04,0.14,0,02:33,9000,1354,1242,1665
15.2,0.71,0.07,0.028,0.145,0,00:17,7935,300,0,1674
15.3,0.72,0.076,0.027,0.15,0,00:30,8265,929,0,1687
14.3,0.76,0.076,0.029,0.15,0,00:25,9045,2285,0,1677
13.5,0.76,0.076,0.029,0.15,0,00:42,9051,1446,1437,1689
0,0.78,0.073,0.029,0.146,0,00:40,9294,4629,906,1682
15.2,0.78,0.073,0.029,0.146,107,00:25,10932,1041,0,1666
15,0.89,0.078,0.03,0.148,125.6,00:44,9888,3253,627,1667
14.6,0.89,0.078,0.03,0.148,126,00:18,9975,762,1017,1679
12.7,0.82,0.069,0.029,0.142,124.2,00:42,9015,1740,585,1625
15,0.82,0.069,0.029,0.142,124.8,00:17,10140,3032,0,1673
15.2,0.8,0.069,0.028,0.147,123.4,00:16,8940,2178,0,1668
14.5,0.8,0.07,0.032,0.14,125,00:27,11172,1255,0,1667
14.9,0.73,0.07,0.027,0.14,124.7,00:33,9264,1876,339,1636
16.9,0.72,0.07,0.027,0.14,128,00:17,9477,2114,279,1534
14,0.72,0.07,0.027,0.14,0,00:15,8160,1878,1098,1644
14.3,0.78,0.07,0.03,0.14,117.3,00:15,8262,1142,1116,1683
14.4,0.79,0.07,0.028,0.14,0,00:15,9582,1833,999,1643
0,0.78,0.07,0.029,0.14,0,00:15,10065,1762,1011,1637
14.4,0.78,0.07,0.029,0.14,123.1,00:19,9000,5,0,1637
0,0.88,0.075,0.032,0.15,75.3,00:10,7632,1098,993,1649
14.6,0.88,0.075,0.032,0.15,123.4,00:19,9477,0,1800,1704
0,0.84,0.07,0.032,0.14,113.6,00:27,9192,1792,987,1654
14.1,0.76,0.065,0.029,0.14,122,00:18,8961,899,1950,1672
17.6,0.82,0.065,0.03,0.14,0,00:23,9237,1530,0,1672
11.4,0.81,0.07,0.03,0.14,0,00:54,12423,4433,921,1662
15.5,0.99,0.07,0.028,0.14,0,00:41,9378,2916,1095,1684
15,0.78,0.07,0.029,0.14,0,00:17,8895,1694,0,1664
0,0.75,0.063,0.03,0.137,0,00:18,8970,1826,1428,1673
14.1,0.75,0.063,0.03,0.137,0,00:45,12480,1520,324,1655
0,0.75,0.063,0.03,0.137,136,00:17,10926,2730,0,1674
13.9,0.85,0.06,0.029,0.13,120.7,00:16,9963,983,999,1636
14.2,0.85,0.06,0.029,0.13,117.3,00:16,8052,0,612,1691
14.5,0.85,0.06,0.029,0.13,119.7,00:18,8397,1530,666,1677
15.3,0.83,0.06,0.03,0.13,120.8,00:49,9447,994,972,1674
14.5,0.81,0.06,0.031,0.14,123.4,00:15,8562,2329,678,1672
14.3,0.81,0.06,0.031,0.14,123.5,00:21,9966,1013,984,1637
14.2,0.85,0.06,0.037,0.14,0,00:18,9720,2961,0,1662
15.2,0.96,0.059,0.039,0.14,121.6,00:16,9456,1013,1014,1657
11.5,0.92,0.056,0.038,0.14,0,00:31,9417,650,0,1649
12,0.92,0.056,0.038,0.14,0,00:17,9501,1832,1503,1674
11,0.89,0.056,0.035,0.14,0,00:24,9471,755,1110,1686
14.4,0.89,0.056,0.035,0.14,0,00:16,9471,1533,0,1542
14.4,0.89,0.056,0.035,0.14,0,00:23,11157,1241,1308,1593
0,0.83,0.057,0.037,0.135,0,00:16,5394,3600,0,1667
15.5,0.93,0.052,0.039,0.134,0,00:15,11442,1235,0,1657
0,1.125,0.055,0.031,0.132,0,00:15,9174,168,1008,1597
16.7,1.125,0.055,0.031,0.132,0,00:16,10173,0,0,1633
16,1.125,0.055,0.031,0.132,0,00:36,9606,3497,1125,1624
0,1.125,0.055,0.031,0.132,0,00:20,8157,0,1014,1708
14,1.125,0.055,0.031,0.132,0,00:32,9711,2435,999,1665
14.4,0.75,0.054,0.033,0.13,0,00:23,7965,2726,0,1604
0,0.75,0.054,0.033,0.13,0,00:18,8388,1388,1764,1573
0,0.85,0.05,0.037,0.13,0,00:18,8436,1550,1515,1485
14.8,0.72,0.05,0.032,0.135,0,00:34,7902,1093,999,1536
0,0.7,0.05,0.039,0.14,0,00:18,7659,1508,1518,1707
14.9,0.66,0.05,0.035,0.15,0,00:48,8556,2248,945,1595
14.9,0.69,0.055,0.033,0.145,0,00:19,8586,838,2100,1676
0,0.69,0.055,0.033,0.145,0,00:19,10500,513,4368,1595
0,0.75,0.06,0.034,0.14,0,00:19,9087,1164,2001,1634
15.7,0.69,0.05,0.035,0.14,0,00:19,8088,289,2037,1646
11.4,0.65,0.05,0.038,0.14,0,00:18,8217,225,1938,1647
12.2,0.65,0.05,0.038,0.14,0,00:17,4044,240,2322,1572
11.3,0.65,0.05,0.038,0.14,0,00:19,9021,114,4092,1532
11.7,0.63,0.049,0.039,0.15,0,00:18,7968,0,4050,1655
11.2,0.715,0.053,0.038,0.137,0,00:20,8100,0,4065,1694
12.3,0.739,0.053,0.044,0.139,0,00:16,8631,429,5211,1697
12.4,0.607,0.047,0.035,0.137,0,00:36,7866,1604,4080,1656
10.4,0.705,0.048,0.04,0.144,118.3,00:26,7950,582,3972,1634
10.3,0.705,0.048,0.04,0.144,124.6,00:42,8223,247,3846,1677
14.4,0.705,0.048,0.04,0.144,123.8,00:30,8583,737,2994,1674
0,0.762,0.05,0.035,0.138,0,00:33,8604,633,3987,1649
9.5,0.762,0.05,0.035,0.138,113.4,00:16,7980,395,4104,1644
10.6,0.762,0.05,0.035,0.138,116.2,00:17,7965,207,3000,1666
9.7,0.762,0.05,0.035,0.138,0,00:19,9372,0,3861,1675
10.1,0.762,0.05,0.035,0.138,0,00:16,8493,505,3486,1635
10.6,0.848,0.053,0.044,0.138,0,00:39,9474,2302,2001,1604
0,1.29,0.053,0.041,0.128,0,00:16,9255,1967,2976,1708
7.6,1.29,0.053,0.041,0.128,0,00:46,9258,1206,1029,1597
0,1.082,0.055,0.037,0.131,0,00:22,8862,1061,999,1674
9.4,1.082,0.055,0.037,0.131,0,00:18,9906,2343,2967,1699
11.1,1.082,0.055,0.037,0.131,0,00:21,8991,1588,1566,1716
10,1.011,0.059,0.036,0.137,0,00:29,9906,2378,1233,1685
9.4,1.125,0.059,0.037,0.134,0,00:20,9903,1899,3000,1651
9.5,1.125,0.059,0.037,0.134,0,00:33,9483,2024,1353,1673
0,1.125,0.059,0.037,0.134,0,00:27,9300,1123,3384,1678
9.3,1,0.058,0.04,0.136,0,00:18,10968,882,4488,1667
0,1,0.058,0.04,0.136,0,00:17,9936,1752,3627,1660
11.6,0.97,0.059,0.039,0.128,0,00:21,10878,1122,3984,1627
0,0.97,0.059,0.039,0.128,139.6,00:23,9795,485,3750,1607
6.1,0.96,0.061,0.042,0.136,139.6,00:18,10539,1560,4809,1697
11.6,0.86,0.06,0.042,0.139,124.3,00:38,10296,0,2946,1689
12.4,0.86,0.063,0.034,0.133,138.5,00:19,10590,2575,4023,1675
12.3,0.93,0.063,0.032,0.146,123.8,00:17,9954,435,3345,1663
11.5,0.94,0.065,0.034,0.138,122.4,00:17,9654,395,3627,1683
8.8,0.94,0.065,0.034,0.138,180.5,00:22,9375,395,3798,1525
10.1,0.94,0.065,0.034,0.138,123.6,00:30,9939,0,3879,1616
10,0.92,0.064,0.032,0.14,125,00:35,8850,345,3537,1661
0,2.399,0.065,0.037,0.138,130.4,00:17,9771,2516,4044,1664
10,0.831,0.066,0.034,0.137,100.3,00:42,10902,633,2883,1679
9,0.752,0.066,0.033,0.143,110.4,00:20,9003,0,3045,1573
11,0.806,0.066,0.035,0.142,118.6,00:50,8895,940,3093,1658
0,0.772,0.065,0.035,0.139,118.6,00:16,3633,0,3486,1694
0,0.772,0.065,0.035,0.139,120.1,00:16,7929,1077,3030,1667
10.1,0.772,0.065,0.035,0.139,0,00:19,9918,495,4035,1656
0,0.91,0.07,0.031,0.142,117.9,00:20,8877,1622,3048,1652
9.5,0.91,0.07,0.031,0.14,117.9,00:21,11022,768,3150,1693
0,0.89,0.068,0.034,0.135,0,00:17,8997,1078,3087,1655
8.1,0.89,0.068,0.034,0.135,121.1,00:19,9807,747,3153,1662
0,0.894,0.067,0.035,0.139,0,00:21,9162,465,3105,1631
9.8,0.92,0.064,0.034,0.13,126.9,00:18,9513,756,3090,1665
10.3,0.814,0.065,0.039,0.133,126.9,00:29,8430,673,3501,1675
9.7,0.787,0.065,0.043,0.137,117.5,00:24,8931,279,3057,1647
10.2,0.787,0.065,0.043,0.137,119.5,00:27,8211,792,3384,1643
12,0.657,0.056,0.044,0.132,120.2,00:17,7947,144,2997,1625
10.7,0.657,0.056,0.044,0.132,120.2,00:31,7863,380,3054,1665
11.1,0.633,0.057,0.049,0.14,123.4,00:31,6966,296,2901,1625
10.1,1.178,0.056,0.046,0.133,128.3,00:18,8001,312,1116,1692
9.3,0.747,0.059,0.04,0.129,116.1,00:26,9477,314,2541,1653
10.6,0.725,0.056,0.038,0.13,122.9,00:40,10080,498,3270,1632
0,0.854,0.063,0.039,0.144,118.8,00:19,7869,218,3141,1673
10.5,0.858,0.065,0.033,0.134,124.6,00:17,7998,725,3153,1673
11,0.84,0.063,0.037,0.132,124.7,00:18,7563,0,3132,1680
11.3,0.837,0.063,0.037,0.137,127.4,00:16,9483,0,249,1646
0,0.837,0.063,0.037,0.137,127.4,00:18,7533,978,2589,1666
10.1,0.817,0.063,0.038,0.134,117.4,00:16,8964,237,1176,1657
10.3,0.742,0.063,0.036,0.132,124.8,00:17,7059,575,2550,1644
12,0.742,0.063,0.036,0.132,0,00:16,8937,498,1980,1634
11.2,0.82,0.063,0.039,0.141,123.1,00:18,9261,768,2514,1647
12.5,0.82,0.063,0.039,0.141,113.2,00:35,7659,2781,2670,1721
12.4,0.82,0.063,0.039,0.141,155.2,00:18,9045,300,2619,1635
12.2,0.76,0.061,0.038,0.14,0,00:19,9927,1046,2949,1668
11.1,0.78,0.063,0.036,0.133,0,00:19,9102,909,3258,1613
11.4,0.745,0.062,0.035,0.132,123.7,00:19,8952,156,3045,1656
12.7,0.709,0.062,0.032,0.134,123.3,00:35,8589,1500,3030,1630
12.5,0.709,0.062,0.032,0.134,123.7,00:17,8700,0,3066,1666
10,0.786,0.064,0.034,0.129,109,00:17,8529,2004,2049,1664
10,0.786,0.064,0.034,0.129,126,00:18,7956,685,2166,1632
8.5,0.836,0.065,0.037,0.148,127.7,00:17,7551,1721,1998,1726
10,0.79,0.075,0.039,0.17,0,00:19,7605,533,2115,1697
10,0.699,0.064,0.035,0.136,123,00:18,7680,1035,2556,1643
10,0.69,0.067,0.037,0.18,112.1,00:17,7593,1068,2085,1697
10,0.69,0.067,0.037,0.18,125.4,00:19,7692,2122,1992,1663
10,0.747,0.084,0.025,0.144,125.4,00:18,7512,1417,1956,1696
10,0.692,0.078,0.027,0.145,125,00:18,7554,2007,2049,1695
12,0.672,0.075,0.026,0.14,125,00:11,7914,1679,2520,1537
10,0.672,0.075,0.026,0.14,124.3,00:25,9033,986,1008,1725
12,0.797,0.085,0.027,0.137,118.7,00:21,8913,2969,1017,1546
11.3,0.813,0.09,0.027,0.148,120.6,00:29,8241,2272,1029,1640
13.1,0.748,0.086,0.025,0.135,121.2,00:30,7956,1592,1032,1602
13.2,0.764,0.085,0.026,0.146,118.9,00:32,10374,1490,0,1684
14.9,0.805,0.084,0.026,0.139,121.2,00:30,8538,990,1014,1624
17.6,0.848,0.079,0.033,0.135,115.1,00:29,8823,1408,963,1616
14.7,0.848,0.079,0.033,0.135,118.8,00:26,9978,2956,972,1640
14.7,0.848,0.079,0.033,0.135,122.9,00:43,7998,512,1194,1606
15.9,0.87,0.073,0.035,0.135,124.9,00:26,10380,858,0,1692
10.2,0.87,0.073,0.035,0.135,117.1,00:17,11397,1049,1092,1665
11.3,0.87,0.073,0.035,0.135,118,00:27,10113,992,1002,1705
12.3,0.91,0.076,0.034,0.142,125,00:18,10224,1652,999,1699
12.1,0.84,0.074,0.033,0.141,123.8,00:18,10191,438,1101,1645
10.3,0.84,0.074,0.033,0.141,123.8,00:26,9690,870,984,1692
11.4,0.84,0.074,0.033,0.141,121.7,00:18,10212,430,1620,1703
11.6,0.856,0.069,0.027,0.134,121.5,00:25,9696,1263,978,1708
11.5,0.856,0.069,0.027,0.134,121.6,00:18,9957,2005,1092,1676
0,0.894,0.073,0.028,0.14,125.1,00:34,8946,1025,1233,1695
11,0.894,0.073,0.028,0.14,114.8,00:17,8787,1924,957,1624
11.3,0.894,0.073,0.028,0.14,121.5,00:32,8940,2024,279,1676
11.6,0.939,0.074,0.026,0.137,122.3,00:20,9462,1803,1035,1654
12.4,0.939,0.074,0.026,0.137,118.6,00:22,9231,2232,270,1704
11.7,0.955,0.079,0.025,0.137,120.6,00:17,10128,1227,1227,1667
10.6,1.02,0.076,0.032,0.141,124.7,00:29,9636,3109,0,1681
11.4,1.02,0.076,0.032,0.141,0,00:29,8955,2950,0,1695
11.2,1.02,0.076,0.032,0.141,121.3,00:30,8889,3132,1035,1742
0,1.021,0.075,0.028,0.136,117.4,00:19,9165,695,1872,1662
11.8,0.855,0.076,0.03,0.135,120.9,00:37,9939,3274,0,1653
30.3,0.855,0.076,0.03,0.135,126.2,00:19,11235,980,1992,1675
0,0.961,0.074,0.057,0.139,100.7,00:18,11088,3935,999,1672
13.5,0.788,0.07,0.026,0.134,0,00:26,8958,2003,0,1658
0,0.788,0.07,0.026,0.134,125.8,00:20,8463,2888,966,1663
11.4,0.838,0.073,0.03,0.136,124.3,00:50,8862,2675,516,1669
12.6,0.838,0.073,0.03,0.136,122,00:17,8757,2587,963,1616
12.8,0.791,0.073,0.028,0.133,118.6,00:16,8901,2052,1008,1687
11.9,0.791,0.073,0.028,0.133,122.7,00:16,9201,2711,987,1714
11.4,0.791,0.073,0.028,0.133,136.5,00:27,9300,3172,0,1705
10.7,0.791,0.073,0.028,0.133,120.7,00:24,8724,2621,1557,1655
12.1,0.913,0.075,0.023,0.14,115.2,00:16,8322,2436,963,1667
12.7,0.913,0.075,0.023,0.14,116,00:30,8520,3089,933,1685
11.3,0.844,0.073,0.023,0.139,98.4,00:37,8463,3575,954,1645
11.6,0.844,0.073,0.023,0.139,111.6,00:16,8463,2534,1008,1636
11.8,1.049,0.077,0.028,0.149,135.1,00:31,8970,5122,978,1674
11.9,1.049,0.077,0.028,0.149,126,00:17,10728,3122,990,1716
11,1.049,0.077,0.028,0.149,120.5,00:33,9984,3068,984,1669
11.7,1.049,0.077,0.028,0.149,128.1,00:16,9477,3718,960,1667
12.8,1.166,0.079,0.024,0.137,117.6,00:29,7935,2246,0,1652
11.8,1.166,0.079,0.024,0.137,126.4,00:19,9531,3757,1035,1653
11.8,0.98,0.076,0.035,0.144,127.7,00:18,12288,2020,954,1640
11.6,0.98,0.075,0.032,0.14,119.9,00:18,9180,3582,1068,1705
11.7,1.076,0.077,0.026,0.148,120.1,00:15,11079,3947,2031,1576
11.4,1.055,0.078,0.024,0.138,123.2,00:18,9075,3514,1002,1684
11.4,1.055,0.078,0.024,0.138,122.3,00:24,10119,2529,1059,1675
12,1.052,0.078,0.027,0.133,101.7,00:17,9906,4110,915,1685
11.2,1.128,0.076,0.029,0.141,122.5,00:16,14316,2136,927,1646
12.2,1.153,0.074,0.03,0.147,124.7,00:18,9942,1468,1188,1693
12,1.178,0.075,0.036,0.138,115.7,00:15,9996,3048,1053,1652
14,1.081,0.069,0.033,0.141,0,00:19,9990,2069,999,1674
12.5,1.081,0.069,0.033,0.141,0,00:18,13149,3073,1431,1697
12.1,1.059,0.07,0.036,0.143,0,00:21,11148,3137,1158,1713
11.2,1.029,0.069,0.037,0.135,101.3,00:24,13932,2406,204,1604
0,0.995,0.072,0.034,0.139,123.2,00:33,9081,3211,564,1640
0,0.995,0.072,0.034,0.139,118.2,00:08,5181,0,0,1646
14.1,0.995,0.072,0.034,0.139,118.2,00:30,9081,2427,801,1649
13.6,1.121,0.07,0.038,0.141,123.7,00:36,9288,945,723,1676
13,0.927,0.065,0.039,0.15,120,00:31,8805,2224,507,1627
13.3,0.927,0.065,0.039,0.15,114.1,00:15,8925,1317,1146,1684
11.5,0.927,0.065,0.039,0.15,127.8,00:25,8277,1377,1098,1639
0,0.927,0.065,0.039,0.15,119.6,00:32,8778,4249,1005,1664
14,0.9,0.061,0.037,0.154,118.3,00:17,11058,3290,978,1716
11.5,0.9,0.061,0.037,0.154,122.4,00:33,9840,1162,1140,1661
11.6,0.89,0.079,0.04,0.142,121.7,00:37,10050,3188,933,1647
11.5,0.89,0.079,0.04,0.142,121.7,00:22,8055,6488,0,1717
11.9,0.89,0.079,0.04,0.142,118.3,00:23,12480,1502,0,1672
10.8,0.89,0.079,0.04,0.142,119.2,00:29,9531,2938,891,1651
12,1.1,0.06,0.046,0.18,118,00:30,10536,2521,2019,1638
12,1.2,0.07,0.038,0.14,117,00:23,12195,1773,1233,1657
11,1.2,0.07,0.038,0.14,117.6,00:24,11928,2000,0,1680
12,1.2,0.07,0.038,0.14,122,00:25,8937,3811,2154,1636
10,1.1,0.07,0.038,0.17,126.4,00:27,11013,1926,0,1692
11.8,1.1,0.07,0.038,0.17,119.3,00:22,12588,3033,1125,1604
10.7,1.1,0.073,0.037,0.141,119.6,00:26,10599,2998,0,1672
10.5,1.12,0.072,0.041,0.145,109,00:19,12003,2028,993,1627
10.4,1.12,0.072,0.041,0.145,108.2,00:24,10110,1020,0,1695
11,1.12,0.072,0.041,0.145,124.2,00:20,13431,1459,0,1695
13.6,1.12,0.072,0.041,0.145,124.2,00:24,10782,3314,0,1661
16.2,1.12,0.072,0.041,0.145,124,00:23,11253,4102,0,1620
14,1.12,0.072,0.041,0.145,121.7,00:17,9969,2014,0,1696
15.6,1.12,0.072,0.041,0.145,119.3,00:55,10935,2137,0,1692
11.9,1.25,0.082,0.044,0.143,128.1,00:34,9144,2278,255,1681
0,1.25,0.082,0.044,0.143,124.6,00:13,5004,0,0,1623
0,1.25,0.082,0.044,0.143,124.6,00:25,9495,2516,0,1687
12.1,1.23,0.089,0.038,0.157,118,00:22,9855,3202,0,1665
0,1.23,0.089,0.038,0.157,118,00:25,9072,2765,573,1671
12.5,1.14,0.092,0.039,0.147,114.7,00:42,9558,1716,0,1684
11.6,1.04,0.087,0.042,0.15,117.1,00:24,8577,2458,570,1711
10.3,0.991,0.094,0.029,0.149,116,00:20,10206,759,0,1664
10.8,1.45,0.09,0.038,0.159,115.3,00:23,9984,1302,714,1714
10.8,1.124,0.092,0.037,0.149,122.6,00:24,13194,2717,0,1649
11.1,1.124,0.092,0.037,0.149,113.1,00:24,12591,2037,972,1684
12.7,0.952,0.089,0.029,0.147,120.1,00:29,10992,1520,1002,1684
11.4,1.05,0.089,0.035,0.14,125.5,00:23,9942,1304,1041,1694
12,1.086,0.095,0.035,0.14,125.5,00:28,11205,2006,0,1639
11.5,1.08,0.09,0.034,0.14,125.6,00:23,11184,1576,942,1666
0,0.939,0.089,0.029,0.138,103.1,00:28,4296,0,0,1646
13.7,0.859,0.087,0.026,0.149,131.4,00:34,11091,1519,999,1638
12.2,0.859,0.087,0.026,0.149,125.1,00:17,8886,1027,1779,1643
11.3,0.766,0.08,0.027,0.142,123.9,00:47,8955,600,984,1569
11.5,0.766,0.08,0.027,0.142,125.1,00:17,8913,1032,1791,1665
11.6,0.766,0.08,0.027,0.142,123.8,00:02,8097,295,1008,1680
13.8,0.744,0.075,0.032,0.142,124.8,00:16,7938,855,1992,1582
12.1,0.72,0.074,0.029,0.146,122.7,00:39,7722,1500,981,1675
12.4,0.77,0.076,0.031,0.144,96,00:57,8112,876,1164,1677
12.6,0.749,0.075,0.033,0.15,107.1,00:17,7476,2737,1530,1663
13.3,0.729,0.078,0.033,0.138,121.3,00:17,7092,1011,1248,1655
11.1,0.729,0.078,0.033,0.138,125.3,00:20,10479,5108,1608,1595
9,0.729,0.078,0.033,0.138,127.2,00:16,10923,2958,1011,1697
9.2,0.729,0.078,0.033,0.138,120.9,00:18,10509,2215,2055,1591
0,0,0,0,0,129,00:18,12912,3350,150,1597
9.9,1.078,0.079,0.04,0.146,120.3,00:24,9084,2397,1068,1651
9.9,1.078,0.079,0.04,0.146,120.9,00:16,9981,1556,996,1643
12.5,0.97,0.074,0.04,0.14,0,00:16,9978,2050,990,1635
0,0.97,0.074,0.04,0.14,126.3,00:45,9435,3258,2091,1639
10,0.968,0.073,0.044,0.149,126.3,00:16,11904,3139,0,1654
11.7,0.934,0.072,0.045,0.141,119.5,00:16,10989,2041,996,1672
11.2,0.934,0.072,0.045,0.141,120.8,00:16,11442,3203,993,1697
12.3,0.934,0.072,0.045,0.141,106.4,00:16,9555,3126,984,1695
13.3,0.934,0.072,0.045,0.141,122.3,00:17,10920,3199,1233,1544
11.4,1.114,0.075,0.048,0.138,123.6,00:17,9984,3941,1410,1652
11.8,1,0.074,0.052,0.134,117.2,00:30,11202,2512,0,1642
11.5,1,0.074,0.052,0.134,123.2,00:32,10029,2353,1593,1639
11.6,0.97,0.079,0.048,0.138,123.4,00:25,10386,2052,756,1654
11.4,0.97,0.079,0.048,0.138,133.2,00:19,10707,3418,1110,1633
12.6,1.1,0.082,0.045,0.142,116.6,00:25,10182,2774,0,1653
14.9,1.1,0.082,0.045,0.142,126.1,00:24,11346,2055,1110,1655
12.8,1.1,0.082,0.045,0.142,125,00:24,10875,2141,0,1676
0,1.1,0.07,0.051,0.15,0,00:49,11415,2008,981,1627
8.2,1.23,0.079,0.048,0.152,130.6,00:20,10215,1855,1026,1635
0,0.98,0.075,0.045,0.137,96,00:18,9615,2148,0,1714
0,0.98,0.075,0.045,0.137,130,00:18,9579,3449,0,1713
0,1.02,0.091,0.042,0.14,128.6,00:55,5583,4578,0,1687
0,1.02,0.091,0.042,0.14,133.4,00:30,11079,4375,1749,1621
11.3,0.99,0.07,0.042,0.135,121.7,00:25,8949,949,987,1662
0,0.9,0.072,0.04,0.144,129.8,00:18,10065,2715,1977,1653
12.1,0.9,0.072,0.04,0.144,129.8,00:17,11151,3509,1029,1716
0,1.648,0.087,0.032,0.156,137.3,00:21,13029,6025,396,1739
12.1,1.648,0.087,0.032,0.156,111.6,00:48,11001,2134,1008,1644
0,1.04,0.076,0.038,0.141,111.6,00:19,11037,4568,585,1656
10.9,1,0.075,0.041,0.138,127,00:59,11802,6163,993,1765
0,1,0.075,0.041,0.138,136.5,00:28,10719,4629,396,1660
7.8,1,0.075,0.041,0.138,102.9,00:45,10110,4243,1131,1642
0,1.088,0.074,0.033,0.139,117.2,00:18,10782,4465,0,1702
10.5,1.094,0.077,0.032,0.135,125.5,00:44,10857,4532,0,1678
0,1.094,0.077,0.032,0.135,0,00:22,9954,6843,0,1582
0,1.094,0.077,0.032,0.135,125.5,00:41,10779,6665,0,1728
14.2,1.094,0.077,0.032,0.135,120.6,00:17,11331,3699,0,1637
12.1,1.094,0.077,0.032,0.135,121.8,00:17,10506,2473,0,1666
0,0.93,0.067,0.037,0.15,124.7,00:01,9180,5904,0,1646
0,0.93,0.067,0.037,0.15,128.6,00:25,9447,5286,1062,1643
0,0.93,0.067,0.037,0.15,132.6,00:22,9993,5239,990,1653
0,######,2.282,0.294,0.368,0,00:22,10941,1867,0,1684
0,0.95,0.07,0.034,0.15,132.6,00:21,10401,1829,0,1652
0,0.95,0.07,0.034,0.15,0,00:20,10629,3307,0,1637
0,0.796,0.068,0.035,0.145,0,00:15,8871,4026,0,1682
0,0.82,0.07,0.041,0.134,133.1,00:21,10170,2349,0,1760
0,0.88,0.073,0.04,0.133,129.1,00:16,6405,4080,0,1666
0,0.88,0.073,0.04,0.133,136.7,00:28,10155,5172,0,1652
0,0.88,0.073,0.04,0.133,136.2,00:21,9975,6702,0,1716
0,0.88,0.073,0.04,0.133,126.1,00:45,11208,5453,0,1669
0,0.88,0.073,0.04,0.133,132.4,00:25,10221,7445,0,1646
0,0.88,0.073,0.04,0.133,133.2,00:28,9957,5125,0,1738
0,0.88,0.073,0.04,0.133,124.1,00:17,9510,5956,0,1688
0,1.21,0.074,0.036,0.14,139.2,00:17,11577,6375,0,1635
0,1.15,0.078,0.038,0.143,0,00:34,10515,5264,0,1672
0,1.15,0.078,0.038,0.143,111.9,00:20,12444,4415,0,1672
0,1.15,0.078,0.038,0.143,129.5,00:41,6705,1470,1902,1585
0,0.93,0.067,0.037,0.15,111.9,00:26,13566,5142,0,1754
12,1.1,0.082,0.039,0.139,131.8,00:18,10215,4020,0,1656
11.3,1.1,0.082,0.039,0.139,0,00:16,10029,0,0,1637
10.6,1.15,0.085,0.045,0.145,125.4,00:25,9156,2151,501,1568
10.4,1.15,0.085,0.045,0.145,125.3,00:26,11961,5224,1035,1713
11.6,1.15,0.085,0.045,0.145,113.9,00:32,10917,3069,999,1637
11.8,1.15,0.085,0.045,0.145,126.6,00:56,6396,2212,1008,1645
13,1.4,0.086,0.036,0.153,125.1,00:33,10911,3044,1032,1589
11.7,1.4,0.086,0.036,0.153,123.2,00:18,9714,1849,288,1661
12.6,1.4,0.086,0.036,0.153,120.8,00:28,9075,2460,993,1678
12.1,1.34,0.082,0.038,0.152,115.7,00:44,10212,3340,477,1610
8,0.92,0.069,0.036,0.136,113.1,00:15,9975,2030,1023,1674
15.1,0.92,0.069,0.036,0.136,122.3,00:46,11259,3713,0,1623
8,0.92,0.069,0.036,0.136,131.3,00:25,10707,2575,1092,1647
13.7,0.92,0.069,0.036,0.136,131.8,00:29,10905,3351,0,1682
14.5,0.92,0.069,0.036,0.136,118.4,00:15,9306,2467,0,1656
9,0.92,0.069,0.036,0.136,123.8,00:16,9618,1937,0,1685
15.2,0.92,0.069,0.036,0.136,124.9,00:28,11052,3162,0,1675
11.4,0,0,0,0,116,00:16,11064,3669,0,1652
12.6,1.18,0.078,0.049,0.14,128.7,00:17,9900,3015,0,1684
13.1,1.086,0.075,0.039,0.14,116.3,00:19,11172,5062,0,1605
12.1,1.086,0.075,0.039,0.14,116.8,00:16,11844,3009,0,1603
0,1.186,0.065,0.041,0.14,118.6,00:17,10677,3363,354,1659
12.2,1.186,0.065,0.041,0.14,129.1,00:17,10953,1514,0,1632
8.6,1.186,0.065,0.041,0.14,123.4,00:29,9072,2797,1077,1656
0,1.186,0.065,0.041,0.14,116.6,00:39,9984,2820,0,1610
0,0,0,0,0,122.9,00:17,10383,0,0,1682
12.8,0,0,0,0,127.2,00:18,9600,1000,0,1684
11.7,0.87,0.067,0.042,0.14,122.8,00:30,10083,2286,1071,1649
14,1.027,0.077,0.047,0.14,128.1,01:01,9312,3260,1815,1667
11.4,1.027,0.077,0.047,0.14,0,00:18,9444,2155,0,1608
11.6,0.822,0.065,0.043,0.144,129.9,00:17,9534,2117,1029,1630
13,0.811,0.064,0.039,0.133,128.6,00:22,8994,1250,1491,1651
0,0.839,0.066,0.039,0.145,128.8,00:41,10887,3087,489,1610
12,0.839,0.066,0.039,0.145,133.6,00:21,12111,1620,0,1693
0,0.839,0.066,0.039,0.145,133.6,00:19,11169,4222,1545,1628
10.8,0.839,0.066,0.039,0.145,116.9,00:16,9462,928,0,1564
12.5,0.901,0.074,0.036,0.14,0,00:19,9498,2703,1587,1658
13.1,0.89,0.073,0.036,0.135,117,00:16,9933,0,486,1705
12.4,0,0,0,0,116.2,00:33,9927,1000,990,1678
11,1.055,0.085,0.038,0.143,118,00:17,9576,2568,2136,1619
11.3,1.055,0.085,0.038,0.143,122.1,00:39,10119,943,1002,1632
9.8,1.055,0.085,0.038,0.143,121.2,00:22,10440,1159,1731,1648
13.9,0,0,0,0,125.9,00:23,9987,1032,0,1653
13.7,0,0,0,0,125,00:22,9681,2084,2052,1685
11.6,0,0,0,0,126.7,00:27,9711,390,0,1676
11.3,0.921,0.08,0.037,0.145,126.3,00:40,10341,981,2301,1665
12,0,0,0,0,118.2,00:24,9438,485,0,1613
11.7,0.962,0.076,0.037,0.145,121.9,00:42,9123,1664,42,1653
11.8,0.934,0.076,0.04,0.141,124.4,00:18,10269,1684,2157,1576
12.2,0.934,0.076,0.04,0.141,127.3,00:17,9933,518,2199,1673
0,0,0,0,0,0,00:26,9399,1526,0,1611
0,0,0,0,0,129.4,00:05,3972,219,0,1659
11.1,0,0,0,0,129.2,00:23,8448,0,1491,1656
11,0,0,0,0,123.1,00:17,10182,901,1800,1692
11.4,0.896,0.081,0.04,0.14,68.1,00:43,9507,0,0,1676
11.1,1.092,0.079,0.05,0.149,124.1,00:34,9243,3710,2238,1661
0,1.047,0.081,0.038,0.141,125.5,00:39,8910,976,786,1605
11.8,1.047,0.081,0.038,0.141,0,00:19,9537,3538,2253,1629
12.1,1.047,0.081,0.038,0.141,124.1,00:28,9135,329,966,1678
11.1,1.047,0.081,0.038,0.141,122.3,00:20,10008,2876,1968,1644
11.3,0,0,0,0,135.7,00:26,10005,2105,2262,1649
11.1,0,0,0,0,115.5,00:37,10275,1320,1005,1610
11.6,0.87,0.08,0.04,0.15,125,00:30,9564,1574,1044,1674
10.2,0.86,0.073,0.037,0.136,123.9,00:17,8802,1508,477,1629
11.5,0,0,0,0,126,00:18,9678,1702,3372,1637
12,0.87,0.072,0.04,0.137,122,00:27,9732,1445,1011,1542
12,0.99,0.074,0.037,0.14,133.8,00:27,11046,2640,2049,1684
10.2,0.85,0.072,0.037,0.14,124,00:22,10263,2420,1302,1653
11,1,0.074,0.04,0.144,123.7,00:24,9552,2352,660,1652
0,1.12,0.078,0.038,0.152,133.8,00:22,11256,4850,531,1684
14.4,1.12,0.078,0.038,0.152,117.8,00:20,9945,1715,2061,1623
14,1.12,0.078,0.038,0.152,122.8,00:24,11409,2343,1044,1643
12,1.131,0.079,0.044,0.143,125.4,00:19,10971,3820,2238,1707
12.1,0.995,0.078,0.042,0.148,117.6,00:21,10845,1547,1068,1630
12.8,0,0,0,0,124.3,00:24,9957,1037,2049,1611
11.2,0,0,0,0,112.3,00:22,11226,1200,996,1654
12.9,1.054,0.077,0.042,0.14,113.4,00:22,12132,731,0,1608
11.4,0,0,0,0,112.5,00:17,9972,843,2046,1645
11.8,1.01,0.077,0.04,0.144,127.2,00:31,12195,773,0,1674
0,1.01,0.077,0.04,0.144,117.8,00:16,9981,1003,2034,1637
7.2,0,0,0,0,131.4,00:20,9945,2152,3054,1629
12.6,0,0,0,0,128.7,00:34,9513,1593,2901,1655
10.8,0,0,0,0,120.1,00:16,9252,906,3114,1652
11.6,0,0,0,0,122.4,00:17,9120,596,3189,1683
11.2,0,0,0,0,121.9,00:18,11370,3309,729,1646
12.6,0.8,0.07,0.048,0.141,127.1,00:32,9759,2116,3072,1682
11.7,0.8,0.07,0.048,0.141,0,00:00,10689,3695,0,1675
11.7,0.8,0.07,0.048,0.141,127.9,00:17,10794,4009,1017,1668
7,0.8,0.07,0.046,0.139,115.3,00:17,10197,3943,969,1714
0,0.8,0.07,0.046,0.139,118.4,00:33,10545,2225,2022,1645
0,0.8,0.07,0.046,0.139,124.3,00:17,10164,4835,1317,1677
11.2,0.8,0.07,0.046,0.139,123.3,00:17,10206,832,3909,1676
12.7,1,0.081,0.05,0.139,126.3,00:29,10470,855,3006,1676
9.1,0,0,0,0,126.7,00:16,12036,5108,0,1679
9.4,0.992,0.077,0.048,0.158,124.5,00:19,9528,2033,4080,1656
9.5,0.992,0.077,0.048,0.158,122.4,00:19,10935,4120,1014,1627
9.4,0,0,0,0,125.9,00:19,9033,1241,4047,1659
11.3,0.969,0.077,0.047,0.14,125.7,00:16,9213,4748,1950,1702
11.5,0.891,0.075,0.05,0.141,127.7,00:18,9798,165,4137,1679
11,0,0,0,0,120.9,00:29,11352,2884,1788,1657
10.9,0.997,0.081,0.041,0.144,120.1,00:19,9018,168,4047,1695
12.3,0.997,0.081,0.041,0.144,119.2,00:35,11028,1916,993,1658
11.1,0.82,0.082,0.04,0.146,123.7,00:20,11001,2028,1002,1595
11.3,0.966,0.084,0.042,0.142,120.7,00:18,9069,2533,3087,1669
11.3,0.966,0.084,0.042,0.142,121.6,00:23,9597,0,4320,1679
11,0.966,0.084,0.042,0.142,121.4,01:04,11583,1952,996,1723
11.3,1.035,0.084,0.036,0.143,116.4,00:19,11874,2306,1476,1615
11.7,1.035,0.084,0.036,0.143,116.4,00:31,11616,1449,3240,1666
12,1.1,0.087,0.047,0.147,118.8,00:16,9459,938,3390,1667
12.7,1.02,0.084,0.049,0.145,127.8,00:19,10806,362,999,1621
9.9,1.02,0.084,0.049,0.145,119.9,00:17,9312,1088,3153,1656
11.7,1.02,0.084,0.049,0.145,121.3,00:22,10020,736,798,1601
12.3,0,0,0,0,119.3,00:26,9528,918,3333,1660
12.9,0.988,0.082,0.036,0.151,119.3,00:28,10578,903,987,1651
11.5,0,0,0,0,132,00:20,10671,2487,1569,1676
11.6,1.23,0.079,0.048,0.152,121.3,00:20,6753,1901,0,1656
0,0,0,0,0,0,00:26,9270,3305,1110,1527
11.7,0,0,0,0,129.5,00:32,10020,1473,993,1527
12.3,1.015,0.083,0.037,0.149,127.3,00:16,9018,0,2211,1644
7.7,1.094,0.082,0.039,0.142,125,00:39,10275,0,1527,1547
14.8,1.01,0.083,0.037,0.149,0,00:20,9525,2852,996,1677
11.2,1.05,0.078,0.035,0.137,124.4,00:28,8781,2307,945,1712
9,0,0,0,0,122,00:23,9819,2199,1515,1702
11.9,1.198,0.08,0.04,0.136,128.7,00:20,10347,2127,1656,1672
12.3,1.165,0.079,0.041,0.141,128.3,00:12,10500,2298,1581,1648
11.6,1.165,0.079,0.041,0.141,121.3,00:32,9480,2909,0,1623
11.7,1.073,0.081,0.037,0.14,121.4,00:18,10377,2103,1539,1671
11.7,1.073,0.081,0.037,0.14,124.9,00:23,9459,2986,1023,1694
11.4,1.032,0.076,0.039,0.138,123.6,00:25,10308,2433,0,1689
11.5,1.032,0.076,0.038,0.136,123.2,00:26,9237,3350,1008,1634
11.2,1.031,0.075,0.04,0.135,127.2,00:25,10200,0,0,1666
12.5,1.031,0.075,0.04,0.135,124.9,00:22,9198,2541,1002,1631
0,0.993,0.076,0.038,0.133,138.1,00:20,11100,4349,1968,1645
12.7,0.993,0.076,0.038,0.133,124,00:17,10500,1506,1116,1636
12.1,0.993,0.076,0.038,0.133,117.8,00:17,9486,1792,2016,1625
11.9,1.026,0.076,0.042,0.134,118.6,00:16,9618,977,1107,1601
11.3,1.06,0.078,0.044,0.134,123.5,00:22,11019,1113,2106,1647
12,0,0,0,0,123.1,00:18,9462,0,2013,1635
12.4,1.093,0.08,0.041,0.134,122.9,00:13,10203,848,3312,1672
12.7,1.099,0.082,0.038,0.128,122,00:17,9528,1313,1104,1603
14.2,0,0,0,0,125.1,00:18,9036,741,1353,1655
12.8,1.095,0.079,0.04,0.135,123.1,00:19,9840,660,0,1631
11.2,0,0,0,0,123.7,00:23,9039,1595,0,1702
11.4,1.047,0.096,0.035,0.135,120.7,00:32,10815,0,0,1594
12.1,1.047,0.096,0.035,0.135,122,00:17,13530,1354,1014,1626
14.1,1.1,0.127,0.038,0.132,120.1,00:17,8961,492,0,1663
11.3,0.87,0.13,0.04,0.13,120.7,00:24,9009,840,1068,1596
11.6,0.95,0.123,0.042,0.139,122.7,00:25,9012,1228,0,1655
10.8,0.91,0.12,0.036,0.137,121.5,00:24,9636,1293,1401,1474
14.4,0.91,0.12,0.036,0.137,121.5,00:20,8799,480,0,1696
11.8,0.88,0.102,0.036,0.131,120.8,00:18,7980,808,2037,1677
14.6,0.96,0.11,0.039,0.143,123.2,00:19,8838,1437,2205,1676
12.5,0.91,0.12,0.037,0.139,124.2,00:29,9162,2695,975,1644
9.2,0.91,0.12,0.037,0.139,124,00:16,9735,1555,1908,1677
0,0.91,0.12,0.037,0.139,126.3,00:21,8307,1990,990,1585
0,0.91,0.12,0.037,0.139,123,00:24,9375,1056,2001,1679
11,0.91,0.12,0.037,0.139,121.3,00:17,9657,1728,1962,1595
11.7,0.91,0.12,0.037,0.139,123,00:27,9276,690,1002,1653
13.8,0.936,0.16,0.05,0.134,125.4,00:16,9672,1980,2019,1656
0,0.97,0.149,0.05,0.138,124.2,00:19,9699,3840,2319,1650
5.6,0.97,0.149,0.05,0.138,122.1,00:31,9237,1605,993,1635
9.5,0,0,0,0,122.9,00:19,9042,2160,966,1702
9.3,1.01,0.08,0.045,0.149,121.6,00:25,9657,1735,1707,1650
11.4,1.01,0.08,0.045,0.149,127.6,00:17,9414,1612,2043,1672
12,1,0.084,0.041,0.159,2.3,00:25,9570,2878,438,1667
12,1,0.084,0.041,0.159,125.3,00:28,10083,2574,1359,1683
10.1,1,0.084,0.041,0.159,122.9,00:16,9978,2171,1974,1695
11.4,1,0.084,0.041,0.159,130.9,00:28,10725,3582,1992,1669
11.4,1,0.084,0.041,0.159,121.1,00:16,9540,2055,990,1602
11.2,1,0.084,0.041,0.159,125.2,00:17,10563,2445,3123,1647
12,1,0.084,0.041,0.159,126.9,00:15,10251,1918,1977,1653
12,1,0.084,0.041,0.159,123.2,00:17,9420,1255,0,1534
10.7,1,0.084,0.041,0.159,128.9,00:17,10002,2719,3723,1696
11.3,0.886,0.134,0.055,0.137,122,00:16,9447,1020,510,1567
8.6,0.869,0.146,0.058,0.137,121.6,00:16,9489,1921,1545,1693
10.1,0.869,0.146,0.058,0.137,122,00:22,8529,0,0,1635
11.7,0.81,0.121,0.058,0.136,119.6,00:17,9051,1620,2013,1693
0,0.81,0.121,0.058,0.136,126.3,00:25,10485,2377,0,1646
12,0,0,0,0,124.7,00:23,9972,2462,3033,1692
10.8,0.859,0.123,0.057,0.13,125,00:27,9372,1902,2010,1691
12.1,0.859,0.123,0.057,0.13,130.8,00:52,9906,1861,846,1656
11.5,0.859,0.123,0.057,0.13,125,00:24,9753,3598,2013,1608
13.9,0.859,0.123,0.057,0.13,128.3,00:18,8193,2613,0,1702
11.5,0.859,0.123,0.057,0.13,124.6,00:18,8535,2446,1671,1659
13.3,0.859,0.123,0.057,0.13,136.8,00:25,8946,1900,1998,1707
12.2,0.872,0.088,0.056,0.137,126.2,00:19,8043,3415,0,1656
12.3,0.872,0.088,0.056,0.137,130.1,00:38,9378,4938,1134,1722
11.7,0.991,0.082,0.061,0.125,133.4,00:17,8637,3632,0,1679
11.9,1.026,0.074,0.062,0.13,129.5,00:18,11082,2508,1647,1667
0,1.026,0.074,0.062,0.13,104,00:36,10608,4663,1494,1699
11.5,0,0,0,0,123.9,00:20,10281,6028,0,1668
10.7,1.361,0.082,0.055,0.14,125.3,00:23,11784,3250,1947,1617
11.2,1.308,0.08,0.055,0.131,119.1,00:27,9462,4222,1014,1661
0,0,0,0,0,127.8,00:23,11373,3683,0,1656
10.4,1.042,0.072,0.054,0.145,127.5,00:24,10110,1599,2490,1437
13.7,1.042,0.072,0.054,0.145,0,00:27,8904,2552,1002,1648
0,1.042,0.072,0.054,0.145,132,00:27,9936,5501,0,1671
10.4,1.042,0.072,0.054,0.145,120.5,00:16,9963,1785,1965,1682
11.4,1.009,0.071,0.046,0.132,130.3,00:22,11847,3954,999,1683
12,0,0,0,0,124.2,00:28,10035,1988,1554,1689
0,0,0,0,0,135.9,00:28,9966,4814,0,1668
11.6,0,0,0,0,122.3,00:38,10539,2610,0,1605
0,1.043,0.071,0.047,0.125,130.3,00:20,10896,5919,0,1669
12.2,0,0,0,0,0,00:16,9963,1658,1995,1656
11.8,0.991,0.072,0.044,0.126,122,00:53,9486,4429,0,1597
13,0,0,0,0,121,00:28,10740,2526,1761,1693
11.5,0.931,0.069,0.044,0.133,120,00:23,10947,1910,0,1578
11.2,0.91,0.066,0.048,0.136,118.1,00:46,11418,1732,0,1665
0,0.75,0.062,0.044,0.134,89.7,00:28,7974,1340,1008,1661
12.2,0.78,0.066,0.043,0.138,123.8,00:54,9240,1878,948,1634
11.1,0.74,0.066,0.044,0.146,120,00:32,10518,1751,1269,1645
11.1,1.12,0.071,0.048,0.135,125,00:27,8970,2640,984,1687
12.5,1.12,0.071,0.048,0.135,122,00:41,10185,1519,0,1677
12.8,0.84,0.073,0.045,0.145,130.3,00:16,9759,2223,0,1650
11.9,0,0,0,0,126.5,00:19,8487,0,387,1669
12.2,0,0,0,0,123,00:26,8910,2620,1029,1634
11.6,0,0,0,0,128.4,00:19,8469,1600,0,1645
11.7,0,0,0,0,130,00:31,9540,1973,939,1644
12.9,0,0,0,0,128.2,00:19,8589,1647,0,1723
12.2,0.867,0.073,0.041,0.136,120,00:25,9525,1273,1014,1654
11.3,0.932,0.071,0.049,0.147,123,00:44,8025,2440,0,1654
12,0.932,0.071,0.049,0.147,123.7,00:28,9240,1950,1017,1672
11.3,0.822,0.07,0.04,0.143,122,00:48,9531,2273,1986,1594
13.2,0.841,0.073,0.045,0.153,124,00:19,8976,2552,0,1592
0,0.841,0.073,0.045,0.153,128.8,00:27,10800,975,1563,1675
11.3,0.841,0.073,0.045,0.153,133.1,00:59,9087,2662,1278,1656
12.3,0.783,0.071,0.04,0.143,121.4,00:18,8043,764,2007,1661
13.4,0.783,0.071,0.04,0.143,123,00:20,8205,1893,1998,1651
11,0.783,0.071,0.04,0.143,121.4,00:32,10062,2764,2535,1683
10.5,0.818,0.074,0.04,0.149,124,00:19,8916,2422,1497,1678
13.3,0.84,0.073,0.04,0.15,120,00:18,9603,2242,1134,1617
11.4,0.84,0.073,0.04,0.15,122.5,00:24,11298,1495,2013,1635
12,0,0,0,0,121,00:18,8970,765,1971,1650
10.9,0,0,0,0,130.8,00:16,8274,2439,2019,1634
12,0,0,0,0,123,00:19,8172,2515,0,1603
11.5,0.8,0.067,0.038,0.139,122,00:23,8904,1545,1455,1646
11.7,0.78,0.066,0.042,0.132,120,00:16,7971,784,0,1554
11.9,0.78,0.066,0.042,0.132,123,00:18,8073,941,2010,1705
11.9,0,0,0,0,127.4,00:32,9225,4874,0,1701
7.8,0.83,0.072,0.037,0.139,124.6,00:35,8088,4457,0,1653
15,0.83,0.072,0.037,0.139,120.4,00:21,8346,4456,1851,1624
12,0.839,0.066,0.043,0.133,127.4,00:37,8043,5093,993,1662
11.8,0.839,0.066,0.043,0.133,122.7,00:26,8274,7034,0,1649
10,0.839,0.066,0.043,0.133,127.8,00:16,5958,5056,1707,1667
12.3,0.839,0.066,0.043,0.133,129.3,00:25,7989,4690,2331,1657
11.5,0.924,0.064,0.04,0.125,127.4,00:27,8592,4948,2133,1625
10,0.965,0.066,0.043,0.131,132,00:52,9582,4228,0,1603
11.1,0.947,0.066,0.04,0.131,127.8,00:25,10008,3507,1518,1654
12,0.947,0.066,0.04,0.131,115,00:51,11004,4210,216,1625
11.9,0.947,0.066,0.04,0.131,123,00:30,10125,2969,1296,1577
0,0,0,0,0,135,00:13,9966,3329,975,1696
11.8,1.06,0.07,0.04,0.13,0,00:42,8583,2310,426,1612
11.3,1.06,0.07,0.04,0.13,0,00:24,9915,3172,1185,1682
10.3,1.06,0.07,0.04,0.13,120,00:15,10797,3051,486,1664
11.7,1.06,0.07,0.04,0.13,0,00:48,9108,0,294,1612
10,0,0,0,0,0,00:28,9918,3332,1233,1667
11.7,0.856,0.066,0.035,0.14,0,00:26,8598,765,0,1699
10.5,0.856,0.066,0.035,0.14,0,00:17,9045,2962,2352,1714
10.6,0.856,0.066,0.035,0.14,120,00:47,10878,1271,0,1637
10.8,0.856,0.066,0.035,0.14,123.1,00:20,9738,4432,0,1652
13.1,1.04,0.067,0.034,0.132,121.7,00:17,10395,3500,1512,1642
11.3,0,0,0,0,120.3,00:53,10122,2594,0,1624
11.5,1.02,0.067,0.036,0.136,129.4,00:16,10410,5791,345,1699
9.5,1.04,0.07,0.037,0.152,128.4,00:17,10440,3944,1614,1645
10.3,1.09,0.069,0.034,0.141,123.2,00:18,10161,767,0,1677
10.7,1.09,0.069,0.034,0.141,126.6,00:34,10038,4204,0,1611
0,1.13,0.072,0.035,0.155,126.8,00:19,10824,3768,1803,1626
10,1.13,0.072,0.035,0.155,118.3,00:49,8826,3301,0,1663
9.8,1.13,0.072,0.035,0.155,123.1,00:18,9972,1533,0,1659
10.2,1.13,0.072,0.035,0.155,119.8,00:17,9960,1489,0,1653
9.2,0,0,0,0,120,00:15,9864,4170,0,1654
10,1.064,0.073,0.028,0.133,127,00:27,9693,2517,1401,1713
8.7,1.064,0.073,0.028,0.133,125.3,00:18,9045,1510,255,1628
9.1,1.064,0.073,0.028,0.133,119.3,00:22,9678,3168,2187,1683
0,0.95,0.063,0.042,0.13,126.8,00:18,10209,2095,2301,1656
9.6,0,0,0,0,123.2,00:37,9162,645,0,1603
10.4,0.98,0.068,0.037,0.135,123.5,00:26,9591,2836,2673,1648
14.4,0.98,0.068,0.037,0.135,121.9,00:20,10317,262,0,1667
0,0.98,0.068,0.037,0.135,132.6,00:50,10287,3012,4164,1695
11.6,0.98,0.068,0.037,0.135,127.7,00:27,9600,2828,2691,1607
0,0.98,0.068,0.037,0.135,130.6,00:16,11691,3410,2022,1637
9.9,0.98,0.068,0.037,0.135,125.1,00:29,10542,1981,2019,1682
10.8,0.98,0.068,0.037,0.135,124.3,00:27,9096,1535,0,1682
11.3,0.98,0.068,0.037,0.135,137.4,00:24,9129,218,3162,1693
9.6,0.98,0.068,0.037,0.135,123,00:26,9297,572,1686,1660
10,0.739,0.077,0.035,0.128,128.5,00:16,8694,0,3993,1667
0,0.98,0.077,0.031,0.149,135.4,00:18,11316,4159,3804,1706
10,0.704,0.076,0.03,0.126,124.1,00:30,9027,1116,1992,1629
10.8,0.704,0.076,0.03,0.126,121.1,00:25,8316,2275,3051,1658
10.1,0,0,0,0,126.2,00:34,8976,1162,1995,1617
10.3,0,0,0,0,137.9,00:23,9969,1674,2994,1683
9.2,0.98,0.077,0.031,0.149,129.1,00:18,9453,960,1548,1652
9.6,0,0,0,0,123.9,00:18,9585,0,4116,1676
9.7,0,0,0,0,126,00:26,9471,1954,3615,1700
9.1,0,0,0,0,128.9,00:18,10908,1146,4017,1737
9.1,0,0,0,0,119.7,00:24,10689,1666,0,1551
10.3,0.99,0.077,0.029,0.131,120.6,00:16,9546,1217,1971,1598
11.2,0.99,0.077,0.029,0.131,120.4,00:26,9399,4708,3012,1692
9.3,0.99,0.077,0.029,0.131,124.7,00:18,9207,3344,3000,1701
9.7,0.99,0.077,0.029,0.131,123.9,00:19,8706,1861,1098,1720
9.4,0,0,0,0,122.8,00:37,9936,3542,3267,1640
11.1,0.9,0.083,0.032,0.128,122.3,00:17,9252,2018,1998,1644
10.5,0.89,0.08,0.027,0.126,127.8,00:29,10563,2255,2172,1646
9.3,0.89,0.08,0.027,0.126,118.3,00:27,9498,1550,990,1623
9.9,0.921,0.077,0.032,0.137,126.9,00:19,8943,2961,3072,1715
10.7,0.921,0.077,0.032,0.137,123.1,00:32,9360,1026,1191,1738
11.1,0.921,0.077,0.032,0.137,123.1,00:32,9963,2290,2052,1678
9.1,0.918,0.078,0.027,0.122,116.5,00:27,9531,1093,3225,1652
13.2,0,0,0,0,120.9,00:25,8838,1798,1479,1632
9.3,0,0,0,0,121.5,00:23,8961,2331,2013,1706
11.3,0.933,0.077,0.029,0.127,116.8,00:25,8805,853,1209,1622
9.8,0.933,0.077,0.029,0.127,116.8,00:18,9441,2983,1998,1580
8.9,0,0,0,0,126.6,00:20,7464,4277,0,1646
9.8,0,0,0,0,122.1,00:25,8970,2035,1497,1681
10.5,0,0,0,0,122.8,00:17,5916,3642,0,1625
9.8,0,0,0,0,116,00:17,8412,2860,2034,1672
9.6,0.916,0.076,0.03,0.122,124.4,00:24,9051,3442,0,1731
10.6,0.916,0.076,0.03,0.122,132.3,00:30,9288,2599,2184,1674
12.1,0.916,0.076,0.03,0.122,135.4,00:17,7974,3931,0,1604
10.2,0,0,0,0,121.1,00:29,8598,3170,2025,1665
10,0,0,0,0,118.8,00:18,7995,2822,0,1646
0,0.919,0.071,0.038,0.127,134,00:22,11262,2083,3948,1687
9.4,0.919,0.071,0.038,0.127,124.4,00:18,8901,6003,1767,1595
9.3,0.787,0.075,0.035,0.128,126.2,00:34,7398,3114,0,1691
10.4,0.787,0.075,0.035,0.128,119.5,00:17,9567,2010,3735,1632
11.3,1.064,0.074,0.041,0.136,127.5,00:46,9171,2610,2061,1700
11.7,0,0,0,0,124.7,00:30,10200,3007,0,1669
11.6,0.796,0.072,0.043,0.131,120.6,00:36,7545,2145,3252,1656
13,0.76,0.07,0.041,0.126,116.1,00:17,7980,5814,0,1285
11,0.76,0.07,0.041,0.126,128.7,00:22,8433,685,2796,1653
10.1,0.76,0.07,0.041,0.126,122.4,00:31,7947,4537,1977,1654
10.4,0.746,0.072,0.04,0.126,122.9,00:36,8001,3085,2235,1657
10,0.714,0.071,0.039,0.123,121.4,00:18,7377,1021,456,1677
9.8,0.714,0.071,0.039,0.123,121.9,00:25,9096,1270,2739,1663
11.6,0,0,0,0,121.4,00:26,7806,2090,1446,1690
8.9,0.671,0.068,0.037,0.127,124.9,00:32,7149,582,0,1760
9.3,0.778,0.076,0.038,0.125,118.5,00:53,10077,4372,1596,1692
9.4,0.778,0.076,0.038,0.125,123.1,00:23,8037,1499,2739,1537
10.2,0.778,0.076,0.038,0.125,125.8,00:18,8025,3877,207,1645
9.6,0,0,0,0,122.3,00:25,9129,2097,1932,1686
9.1,0.82,0.08,0.038,0.13,123.9,00:29,10032,3203,2031,1670
2,0,0,0,0,122.3,00:17,8004,2962,2046,1703
10,0,0,0,0,118.4,00:28,7524,4213,1542,1667
10,0.78,0.074,0.038,0.126,123.5,00:17,8988,2969,1986,1644
7.9,0.971,0.073,0.029,0.135,116.4,00:25,7482,4417,1515,1669
9.8,0.971,0.073,0.029,0.135,116.4,00:21,8979,1688,1980,1555
9.9,0,0,0,0,121.8,00:20,8469,1260,1497,1634
9.8,0.75,0.076,0.036,0.128,122.7,00:35,7617,4207,1761,1652
10.3,0,0,0,0,120.5,00:26,7554,3655,2064,1649
8.7,0.85,0.078,0.04,0.123,120.3,00:18,7818,1566,1335,1653
11.3,0.69,0.071,0.035,0.127,116.5,00:25,8319,3085,2739,1670
10.2,0,0,0,0,126.4,00:17,8751,1776,2091,1623
8.6,0.719,0.077,0.039,0.126,125.4,00:16,7593,3542,2427,1633
10.3,0.717,0.074,0.033,0.129,123.7,00:17,7068,842,3030,1695
10,0.717,0.074,0.033,0.129,118.6,00:15,8034,3215,1533,1643
11.6,0.717,0.074,0.033,0.129,127.9,00:24,8370,2570,1566,1585
9.9,0.685,0.072,0.036,0.128,112.2,00:16,5973,465,4728,1686
11.2,0,0,0,0,123.1,00:18,7050,2983,1206,1639
9.4,0.706,0.069,0.038,0.127,123.1,00:16,7068,1818,3048,1647
10.7,0.706,0.069,0.038,0.127,127.1,00:16,8124,3122,1179,1696
0,0.808,0.086,0.042,0.124,130,00:14,6954,2553,1011,1739
9.4,0.808,0.086,0.042,0.124,119.7,00:27,8079,1297,3252,1637
9.3,0.808,0.086,0.042,0.124,121.3,00:20,7410,4563,1206,1705
10.2,0,0,0,0,119.2,00:19,8298,1228,3264,1645
9.8,0.785,0.072,0.036,0.126,123.7,00:19,7515,4405,1029,1679
11,0.792,0.069,0.037,0.126,128.8,00:33,8994,4118,1602,1669
9.1,0.99,0.076,0.043,0.13,119.6,00:27,9471,3558,2409,1673
10.4,0.99,0.076,0.043,0.13,123.5,00:24,8289,0,2646,1634
11.5,0.99,0.076,0.043,0.13,123.5,00:19,9054,4318,501,1571
11.1,0,0,0,0,131.7,00:38,9174,2936,1527,1650
10.8,0.927,0.079,0.038,0.134,125.4,00:19,7569,579,495,1679
9.5,0.879,0.074,0.035,0.127,123.4,00:18,7596,2731,2364,1686
10.1,0.879,0.074,0.035,0.127,123.9,00:19,8082,1016,1956,1680
9.3,0.879,0.074,0.035,0.127,135.8,00:19,9057,4437,1407,1654
9.9,0.879,0.074,0.035,0.127,122.7,00:19,8055,2058,1980,1589
10,0.86,0.082,0.03,0.129,126,00:34,8559,3520,1518,1672
9.8,0.86,0.082,0.03,0.129,123,00:16,8208,3105,1998,1672
10.4,0.8,0.074,0.036,0.142,122,00:28,10557,1519,0,1629
10,0,0,0,0,121.4,00:33,7371,3021,1737,1494
10,0,0,0,0,119.8,00:53,8004,4489,1050,1634
9.8,0,0,0,0,122,00:21,6930,3958,993,1654
9.2,0,0,0,0,121.3,00:40,6906,3592,204,1583
10.7,0.843,0.105,0.024,0.127,131.5,00:35,9123,1795,2073,1645
0,0,0,0,0,122.9,00:37,7395,4964,1098,1663
11,0.686,0.092,0.027,0.126,122.1,00:27,6486,3030,0,1640
10.9,0.678,0.09,0.025,0.127,122.5,00:48,7302,4208,1056,1687
9.2,0.91,0.101,0.026,0.134,121.8,00:42,8139,3056,0,1649
10.9,0.91,0.101,0.026,0.134,126.9,00:40,9900,5656,1188,1692
8.9,0.924,0.093,0.024,0.131,115.1,00:21,7989,2958,0,1638
9.3,0,0,0,0,124,00:25,8535,3512,2067,1690
9.9,0.836,0.095,0.02,0.131,123.2,00:23,8214,4046,525,1654
9.6,0.836,0.095,0.02,0.131,121.3,00:16,8961,1574,2487,1637
9.3,0.836,0.095,0.02,0.131,123.7,00:28,8124,3988,1533,1627
9.8,0.94,0.1,0.048,0.13,114.9,00:30,8112,2483,537,1447
12.1,0,0,0,0,122,00:20,8436,1521,1800,1684
10.9,0.8,0.096,0.027,0.132,119.4,00:27,11961,4107,0,1679
10.4,0,0,0,0,123.4,00:16,9249,4664,0,1687
9.2,0,0,0,0,121.7,00:21,9990,2469,1185,1646
11.4,0,0,0,0,117.5,00:33,8661,3662,0,1695
9.6,0.778,0.084,0.034,0.13,119.9,00:18,6963,1941,1470,1694
10.3,0.719,0.084,0.032,0.129,121.7,00:19,7704,4036,0,1697
0,0.719,0.084,0.032,0.129,112.7,00:17,7524,3853,2130,1696
10.6,0.719,0.084,0.032,0.129,81.9,00:29,8742,3127,0,1636
10.3,0.719,0.084,0.032,0.129,11.6,00:15,7215,3025,1770,1655
7.7,0.91,0.094,0.026,0.132,120,00:16,8100,1533,3075,1683
10.3,0.924,0.092,0.025,0.133,128.2,00:27,11439,3845,2142,1703
10.4,0.883,0.091,0.027,0.132,117.3,00:23,8478,4182,0,1665
10.3,0.883,0.091,0.027,0.132,130.7,00:18,8280,531,1878,1741
10.6,0.957,0.091,0.029,0.125,119.4,00:40,8211,3453,0,1672
10,0,0,0,0,126,00:27,8985,3414,1719,1644
5,0.98,0.093,0.029,0.127,122.2,00:21,9573,4492,0,1662
0,0.98,0.093,0.029,0.127,123.7,00:17,9930,5923,1311,1472
0,0.999,0.09,0.03,0.131,130.1,00:21,9033,5165,0,1713
9.3,0,0,0,0,108.3,00:16,8181,3295,1683,1544
5.9,0.877,0.08,0.027,0.125,137.9,00:39,7092,5780,0,1663
5.8,0.877,0.08,0.027,0.125,116.9,00:20,9213,1767,2259,1666
9.6,0.824,0.096,0.024,0.13,113.1,00:19,7932,1973,1767,1674
9.4,0.824,0.096,0.024,0.13,121.1,00:27,9240,2890,1812,1706
10.7,0,0,0,0,122,00:18,10389,6347,267,1636
9.3,1.153,0.095,0.027,0.133,119,00:37,11994,5387,2091,1725
0,0,0,0,0,125.3,00:32,12093,6239,0,1533
10,1.08,0.096,0.029,0.13,124,00:24,10329,3741,909,1632
9.5,0,0,0,0,122,00:30,8967,3970,0,1711
10,0,0,0,0,123.1,00:43,9003,3711,888,1632
9.6,0,0,0,0,122.4,00:16,9093,4055,1209,1662
9.6,0.93,0.085,0.03,0.13,121,00:36,11058,3761,0,1665
9.7,0.93,0.085,0.03,0.13,117,00:16,10635,5988,1518,1673
5,1.05,0.085,0.03,0.128,125,00:35,8985,6049,0,1704
10,0,0,0,0,122,00:45,7983,3824,2301,1684
9,0,0,0,0,120.7,00:16,9921,5110,1188,1664
0,0.991,0.087,0.03,0.129,126.9,00:28,9801,5119,1002,1702
10.1,0.991,0.087,0.03,0.129,123.6,00:27,8997,3491,1851,1682
10.4,1.015,0.082,0.029,0.129,117.8,00:18,9333,2712,1578,1707
9.8,1.015,0.082,0.029,0.129,122.9,00:45,7197,3634,486,1626
9.2,0,0,0,0,117.9,00:34,11955,6078,228,1657
9.8,1.045,0.089,0.035,0.135,123.4,00:18,8421,3975,1578,1699
10.6,0.942,0.086,0.035,0.131,120.3,00:25,7926,3881,996,1665
9.3,0.942,0.086,0.035,0.131,122.9,00:21,8289,4626,1872,1685
9.5,0.814,0.083,0.045,0.132,120,00:21,7665,3683,1878,1693
11.2,0.804,0.081,0.043,0.131,118.7,00:39,7989,3838,1317,1645
9.6,0.804,0.081,0.043,0.131,123.4,00:19,8226,5079,1569,1707
9.7,0.791,0.082,0.035,0.138,120.7,00:26,7998,3037,2652,1697
8.9,0.854,0.085,0.034,0.126,121.9,00:37,7614,5002,2121,1620
0,0.854,0.085,0.034,0.126,132,00:34,9489,2351,0,1570
10.2,0,0,0,0,106.1,00:17,8085,2085,2022,1676
9.8,0.835,0.082,0.035,0.131,114.4,00:17,8493,3934,1929,1682
11.6,0.835,0.082,0.035,0.131,125.8,00:19,8067,1516,0,1700
10.8,0,0,0,0,121,00:46,8106,1685,2313,1716
9.5,0,0,0,0,118.9,00:16,8064,2815,2316,1667
12.3,0,0,0,0,115.5,00:18,8937,2531,2265,1703
10.9,0.973,0.087,0.046,0.131,121.2,00:19,7974,3805,0,1669
9.1,0.973,0.087,0.046,0.131,119.5,00:17,9033,4422,0,1694
11.4,1.05,0.087,0.042,0.123,118.3,00:18,8694,2412,2457,1716
10,0.891,0.092,0.04,0.13,119,00:18,7761,3247,1506,1612
9.7,0.993,0.088,0.045,0.127,120.5,00:26,9096,3303,1092,1663
9.5,0.993,0.088,0.045,0.127,122,00:29,8916,4705,1524,1647
11.7,0.993,0.088,0.045,0.127,122.1,00:30,9705,2322,876,1710
8.6,0.993,0.088,0.045,0.127,121,00:19,9168,4005,1110,1636
8.9,0,0,0,0,122.2,00:27,7941,2792,993,1676
5.5,0.997,0.076,0.045,0.129,125.5,00:25,8484,949,3144,1687
12,0.97,0.086,0.052,0.13,124.9,00:28,9858,3703,1092,1654
10,0.97,0.086,0.052,0.13,117.5,00:48,8934,4838,0,1672
10.5,0.97,0.086,0.052,0.13,122,00:18,6993,3954,2610,1657
11.1,0.77,0.085,0.045,0.129,126,00:56,7968,3681,993,1669
10.2,0.77,0.085,0.045,0.129,120,00:19,7995,3626,1644,1693
11.1,0.93,0.09,0.048,0.13,124,00:43,8520,4746,2370,1669
8.5,0.78,0.088,0.037,0.138,122.3,00:26,7947,3765,1977,1653
9.7,0.8,0.089,0.042,0.141,117.7,00:44,5571,3011,501,1674
10.9,0.8,0.089,0.042,0.141,126.7,00:31,7965,3700,2235,1666
10,0,0,0,0,125,00:45,8484,5331,1827,1597
0,1.05,0.092,0.049,0.13,92,00:13,5655,3963,495,1631
10.6,0.98,0.103,0.046,0.163,121.8,00:32,6996,4312,765,1650
10.8,0.95,0.101,0.044,0.139,124.5,00:42,8544,3749,2238,1667
10.8,0.88,0.099,0.039,0.133,119.8,00:17,6090,4258,1026,1700
0,0.92,0.102,0.037,0.136,124,00:17,8511,3929,1815,1684
9.9,1.02,0.106,0.042,0.133,126.2,00:18,7551,5170,1263,1757
9.2,1.02,0.106,0.042,0.133,123.4,00:23,8994,2238,2040,1636
6.1,1.02,0.106,0.042,0.133,125.1,00:34,9141,1789,1260,1656
9.7,1.02,0.106,0.042,0.133,126.2,00:21,8613,4545,0,1658
0,1.02,0.106,0.042,0.133,0,00:27,6015,2067,1614,1717
9.7,0,0,0,0,120,00:26,8736,4817,0,1689
10.8,0.814,0.116,0.034,0.131,115.5,00:22,7977,2547,987,1672
10.8,0.77,0.11,0.032,0.129,115.8,00:29,7515,6085,0,1618
9.6,0.814,0.098,0.038,0.122,124.6,00:15,8508,2562,498,1707
0,0.814,0.098,0.038,0.122,0,00:44,9453,5321,489,1667
10.2,0.924,0.103,0.042,0.139,120.7,00:39,7686,3531,1377,1639
0,0.924,0.103,0.042,0.139,103.2,00:14,8955,3017,1038,1674
9.4,0.924,0.103,0.042,0.139,122.5,00:15,8124,3310,1479,1565
10.7,0,0,0,0,120.5,00:20,8895,2822,1020,1683
1.9,0.84,0.114,0.038,0.137,129.3,00:17,8961,3599,1284,1685
10.9,0.84,0.114,0.038,0.137,124.4,00:16,7623,4183,0,1635
10.1,0.81,0.121,0.036,0.131,94.5,00:34,8664,3351,1113,1646
10.1,0.81,0.121,0.036,0.131,110,00:20,7083,3149,1008,1682
0,0.81,0.121,0.036,0.131,94.5,00:17,8196,2286,2001,1686
8.9,0,0,0,0,127.6,00:18,7956,1560,2925,1715
10.1,0,0,0,0,121.2,00:15,8850,3771,1134,1664
9.6,0.77,0.102,0.042,0.127,132.3,00:16,8448,4539,0,1645
9.3,0.77,0.102,0.042,0.127,126.8,00:19,9426,3463,2370,1642
7.6,0,0,0,0,118.7,00:17,8199,2487,2229,1687
9.4,0,0,0,0,122,00:17,9348,4157,1143,1653
8.7,0,0,0,0,128.7,00:18,6798,4165,0,1698
8.6,0.829,0.118,0.038,0.133,129.6,00:35,7995,2898,2205,1653
10.1,0.829,0.118,0.038,0.133,124.1,00:19,7467,4495,0,1723
0,0.829,0.118,0.038,0.133,115.9,00:22,7764,2147,1263,1625
9.7,0,0,0,0,137.9,00:19,6792,5047,0,1683
9.3,0.804,0.114,0.038,0.126,127.6,00:21,8436,3152,1824,1703
10.9,0,0,0,0,127,00:23,7278,1880,2001,1676
0,0,0,0,0,127.6,00:17,6609,4960,1257,1658
0,0.841,0.119,0.035,0.133,105.1,00:20,8568,1944,2328,1707
0,0.881,0.119,0.034,0.147,105.1,00:19,6879,5199,1230,1694
0,0.881,0.119,0.034,0.147,128.8,00:19,6252,3233,1290,1732
0,0,0,0,0,126.3,00:22,7194,5859,1731,1696
0,0.812,0.114,0.039,0.121,122.9,00:36,7353,2467,1782,1657
0,0.78,0.109,0.039,0.126,128.1,00:19,6555,4390,1572,1649
0,0.847,0.109,0.042,0.122,128.5,00:28,8304,4270,0,1687
0,0.847,0.109,0.042,0.122,128.1,00:16,7284,3140,2100,1686
0,0.847,0.109,0.042,0.122,126,00:20,7200,4912,1794,1667
9.8,0,0,0,0,124.2,00:18,7923,3539,1038,1684
9.5,0,0,0,0,127.1,00:28,8892,4313,0,1647
7.1,0,0,0,0,123.7,00:29,7338,4771,1668,1656
9.3,0,0,0,0,161.3,00:22,8481,3535,1029,1714
10.2,0.87,0.119,0.037,0.121,131.3,00:26,10512,2818,1842,1659
9.3,0.9,0.118,0.039,0.125,129,00:25,9987,3575,927,1677
9.7,0.827,0.117,0.035,0.124,0,00:30,7446,3720,597,1658
9.7,0,0,0,0,126.7,00:29,9030,3546,1458,1696
9.5,0,0,0,0,121.4,00:34,9924,3999,1005,1625
9,0,0,0,0,139.2,00:31,8238,4455,1551,1648
9.5,0.825,0.117,0.033,0.126,0,00:29,8496,3604,0,1658
9.5,0.854,0.119,0.035,0.121,0,00:18,9099,1916,1485,1697
9.8,0.9,0.13,0.04,0.145,121,00:29,8838,4833,0,1737
10.3,0,0,0,0,127,00:24,7614,3073,2478,1632
12,0.92,0.117,0.037,0.125,122,00:18,6957,3636,1917,1693
10.4,0,0,0,0,121,00:18,7623,4333,1698,1695
9.9,0.92,0.118,0.035,0.121,119.4,00:26,9363,4421,0,1630
9.2,0,0,0,0,121.1,00:16,8442,3797,1512,1640
9.6,0.893,0.118,0.031,0.128,0,00:17,7698,4010,2082,1644
10.4,0.929,0.115,0.032,0.124,122.2,00:43,7299,3794,0,1697
9.8,0.929,0.115,0.032,0.124,122.5,00:17,7956,4363,1170,1627
11.1,0.849,0.114,0.035,0.125,117.9,00:18,8355,3433,1101,1634
9.5,0.849,0.113,0.036,0.125,123.9,00:29,8994,4210,0,1663
9.7,1.027,0.121,0.036,0.123,126.8,00:18,10371,2467,1023,1680
9.5,1.027,0.121,0.036,0.123,125.2,00:17,9915,2554,1173,1625
9.5,1.027,0.121,0.036,0.123,123.7,00:33,7992,1826,1788,1642
10.6,1.027,0.121,0.036,0.123,127.4,00:24,7446,2701,738,1631
10.8,0.85,0.114,0.036,0.13,0,00:19,7941,1423,1014,1643
9,0,0,0,0,119.5,00:25,5997,1980,993,1669
9.7,0.79,0.116,0.036,0.131,0,00:35,9039,2922,999,1483
9.8,0.79,0.116,0.036,0.131,124.7,00:15,7188,3015,1686,1673
8.9,0.82,0.117,0.034,0.133,124.7,00:41,9084,1985,996,1694
10.5,0.83,0.121,0.035,0.128,0,00:20,8625,5572,1179,1700
9.4,0.93,0.127,0.032,0.132,126.2,00:25,8904,3169,1692,1655
9.7,0.93,0.127,0.032,0.132,0,00:29,9207,2866,489,1664
14.4,0.93,0.127,0.032,0.132,0,00:25,7986,2063,894,1600
0,0,0,0,0,126.3,00:36,9075,3090,1692,1687
10,0.847,0.122,0.035,0.132,115.8,00:19,7527,2609,1872,1688
9.6,0.847,0.122,0.035,0.132,0,00:01,7890,4481,0,1714
10.4,0.847,0.122,0.035,0.132,0,00:17,7950,3111,1530,1627
7.9,0.802,0.111,0.04,0.13,0,00:20,7524,3945,1572,1655
8.6,0,0,0,0,0,00:16,7989,2126,1947,1682
9.3,0.771,0.116,0.031,0.134,0,00:30,7530,3831,2064,1664
9.7,0,0,0,0,95.9,00:28,9030,2034,1776,1644
0,0.794,0.114,0.036,0.13,124.9,00:58,7488,3188,2058,1671
9.8,0.812,0.117,0.031,0.131,99.4,00:18,9009,3072,0,1700
9.5,0.812,0.117,0.031,0.131,122.6,00:26,9489,3084,942,1666
10,0.795,0.114,0.036,0.132,119.9,00:32,7632,3390,1893,1649
0,0.78,0.11,0.038,0.135,127.5,00:21,2961,0,0,1699
9,0.813,0.117,0.032,0.129,123.6,00:18,7920,2894,1536,1644
11.1,0.813,0.117,0.032,0.129,124.7,00:32,8475,3548,1833,1608
10.1,0.813,0.117,0.032,0.129,124.4,00:41,8451,4116,0,1681
10.2,0.904,0.112,0.037,0.131,123.4,00:18,7953,2939,2154,1664
9.2,0,0,0,0,123.3,00:17,7848,2816,1863,1638
0,0.802,0.106,0.037,0.129,135.2,00:28,11049,4424,1992,1624
9.3,0,0,0,0,5.5,00:31,7980,4297,291,1663
9.9,0.869,0.11,0.039,0.143,116.5,00:17,7890,3120,1827,1673
9.4,0.852,0.11,0.038,0.131,125.7,00:25,7980,3657,0,1645
0,0.802,0.106,0.037,0.129,124.7,00:17,8445,3164,1635,1642
9.7,0.802,0.106,0.037,0.129,126.1,00:22,7914,3869,0,1651
9.9,0.899,0.115,0.031,0.128,0,00:18,7608,4410,2043,1653
8.6,0.899,0.115,0.031,0.128,125.3,00:27,8601,3763,0,1663
10.2,0.899,0.115,0.031,0.128,127.2,00:25,7851,3605,2124,1642
10.3,0.899,0.115,0.031,0.128,126.3,00:29,9456,2487,972,1656
9.4,0,0,0,0,126,00:31,8886,2028,984,1676
9.6,0.9,0.106,0.044,0.154,0,00:30,8001,2981,1014,1630
9.9,0.88,0.112,0.041,0.14,125.4,00:05,7950,3009,570,1650
9.6,0.78,0.108,0.04,0.135,126.8,00:17,7641,3177,471,1643
9.8,0.79,0.104,0.041,0.13,125.8,00:20,8481,2426,1014,1682
8.4,0.82,0.099,0.04,0.136,127.6,00:24,8010,4494,0,1288
0,0.894,0.108,0.038,0.139,122.8,00:18,8430,2218,2532,1652
11.1,0.894,0.108,0.038,0.139,126.3,00:31,8082,4247,1554,1638
10,0.91,0.109,0.038,0.136,125,00:18,7161,3140,1011,1641
0,0.91,0.109,0.038,0.136,122.7,00:16,8349,4115,1098,1627
10.1,0.91,0.109,0.038,0.136,106.8,00:16,7266,3952,1158,1655
10.5,0,0,0,0,121,00:17,6540,5143,984,1650
9.3,0,0,0,0,122.7,00:28,8262,4941,0,1717
9.3,0,0,0,0,117.8,00:30,9993,0,2151,1667
9.4,0,0,0,0,119.2,00:15,8793,4480,1020,1614
10,0.98,0.094,0.041,0.128,0,00:17,7212,3953,1011,1701
0,0,0,0,0,118.6,00:39,8010,1119,2226,1612
9.9,0.734,0.1,0.044,0.136,121,00:23,9549,5375,0,1609
9.9,0.857,0.103,0.043,0.132,122.3,00:16,8727,4681,1134,1639
10.7,0.857,0.103,0.043,0.132,0,00:17,8001,665,2217,1717
10,0,0,0,0,120.3,00:25,9036,3860,1725,1679
10,0.982,0.102,0.039,0.132,118.1,00:27,9255,1238,2313,1614
10.2,0,0,0,0,133.5,00:19,7002,3306,1050,1707
9.9,0,0,0,0,123.2,00:21,7515,8790,1833,1639
10,0.882,0.101,0.036,0.141,122.7,00:20,8466,1062,2433,1666
11.2,0,0,0,0,124.4,00:28,8895,1203,2385,1663
10.8,0.77,0.095,0.046,0.14,122.9,00:19,8742,2530,2649,1665
10.5,0.77,0.095,0.046,0.14,127.1,00:18,7014,3670,1005,1617
8.1,0.98,0.094,0.04,0.126,120.8,00:18,8928,1806,2367,1667
10.5,0.801,0.09,0.044,0.13,121.7,00:36,8940,1734,1977,1635
0.1,0,0,0,0,117.1,00:18,7329,2530,0,1683
10.5,0.823,0.104,0.04,0.126,121.4,00:18,6669,1797,3174,1655
0,0.823,0.104,0.04,0.126,121.7,00:22,6531,2313,999,1692
9,0.823,0.104,0.04,0.126,0,00:24,7569,2542,1533,1654
8.3,0.823,0.104,0.04,0.126,122.3,00:17,8436,963,3564,1667
9.7,0.823,0.104,0.04,0.126,127.1,00:18,6072,4096,0,1637
5.7,0.823,0.104,0.04,0.126,114.9,00:16,6960,1914,1791,1665
10,0.711,0.084,0.046,0.131,120.6,00:17,7932,1933,2889,1641
8.2,0.711,0.084,0.046,0.131,127.8,00:27,8508,3250,831,1703
11.4,0.716,0.081,0.042,0.13,113.4,00:44,9264,1795,1197,1680
9.8,0,0,0,0,124.4,00:18,7926,1781,3723,1670
10,0.79,0.084,0.045,0.131,93.6,00:17,7557,3159,1077,1664
9.8,0,0,0,0,124.4,00:18,8532,3745,210,1714
0,0.79,0.084,0.042,0.128,124,00:20,7956,2684,2451,1664
11.2,0.8,0.09,0.05,0.13,122.7,00:18,8019,2333,2217,1682
9.7,0.77,0.087,0.041,0.136,0,00:43,7479,3261,771,1636
0,0.77,0.087,0.041,0.136,117.8,00:16,7872,2978,1698,1651
10.4,0.77,0.087,0.041,0.136,133.2,00:26,8943,3210,1146,1634
11.5,0.77,0.087,0.041,0.136,118,00:35,7380,2138,1113,1597
10.5,0.814,0.091,0.035,0.131,115.5,00:29,7701,3020,1806,1647
9.5,0.814,0.091,0.035,0.131,117,00:25,8526,1378,1398,1566
10.1,0.814,0.091,0.035,0.131,117,00:24,10464,3226,1155,1615
0,0,0,0,0,127.3,00:18,9375,3178,2229,1701
10.7,0.809,0.095,0.034,0.132,119.8,00:18,7455,745,0,1669
9.7,0,0,0,0,120.2,00:54,7827,1468,0,1695
10.3,0.954,0.092,0.034,0.127,120.3,00:38,9483,3499,1497,1692
11.2,1.036,0.099,0.031,0.134,119.5,00:19,7902,2380,342,1625
11.3,0.858,0.097,0.033,0.134,121.5,00:34,9999,2347,2007,1674
10,0.858,0.097,0.033,0.134,119.1,00:30,9894,2183,1983,1611
10.6,0.858,0.097,0.033,0.134,117,00:22,9999,4717,1110,1683
10.2,0.99,0.095,0.029,0.134,123.1,00:24,10218,2894,1131,1612
9.5,0.99,0.095,0.029,0.134,130,00:16,9120,4058,1554,1676
9.8,0.95,0.93,0.045,0.125,126.2,00:36,7932,2177,999,1666
9.6,0.72,0.09,0.047,0.14,120.3,00:16,7500,2861,0,1577
11.4,0.72,0.09,0.047,0.14,130,00:34,7971,2553,969,1667
9.5,0.72,0.09,0.047,0.14,121.5,00:47,8406,3900,990,1683
0,0.72,0.09,0.047,0.14,124.5,00:31,7494,2845,972,1647
10.4,0.72,0.09,0.047,0.14,121.5,00:32,8538,4150,1494,1644
0,0.72,0.09,0.047,0.14,123.4,00:29,4401,6742,318,1709
9.4,0.72,0.09,0.047,0.14,126.5,00:30,7194,6805,1506,1674
9.6,0.72,0.09,0.047,0.14,126.5,00:27,7701,3073,0,1691
7.1,0.74,0.096,0.053,0.18,119.3,00:29,7935,3899,1575,1678
10.1,0.73,0.09,0.048,0.13,119.2,00:25,6960,4191,0,1676
11.4,0.68,0.09,0.05,0.13,126.5,00:15,7830,2938,1503,1655
10.5,0.68,0.09,0.05,0.13,126.5,00:30,8577,4369,0,1651
10.3,0.68,0.09,0.05,0.13,120.6,00:29,7920,3038,0,1648
11,0,0,0,0,123.2,00:23,7701,2847,1488,1676
10.5,0.73,0.097,0.04,0.134,122.2,00:34,8097,3070,0,1653
10.9,0.881,0.096,0.039,0.134,124.9,00:16,9708,3895,1125,1597
10.8,0.909,0.095,0.049,0.137,116.8,00:38,7203,2340,0,1676
10.4,0.909,0.095,0.049,0.137,135.6,00:17,7644,2363,1440,1718
11,0.684,0.087,0.045,0.138,120.8,00:21,6093,1908,1029,1698
7.8,0.684,0.087,0.045,0.138,122.1,00:24,7746,2790,2727,1553
9.3,0.74,0.089,0.044,0.141,122.4,00:17,7263,2101,2070,1666
9,0.74,0.089,0.044,0.141,125.5,00:20,6444,3080,1020,1664
9.8,0,0,0,0,117,00:31,7158,3332,1803,1656
0,0,0,0,0,105.9,00:15,5337,3790,1005,1669
0,0.8,0.098,0.038,0.138,130.5,00:32,8928,3137,0,1666
10.6,1.015,0.102,0.04,0.133,119.7,00:19,8196,3003,1038,1615
7.5,0,0,0,0,119,00:44,8988,823,1746,1694
9.9,0,0,0,0,119.1,00:20,8073,1638,504,1659
9.9,0.955,0.107,0.035,0.144,121.6,00:16,8202,2761,0,1665
9.3,0,0,0,0,118.4,00:48,6552,1032,0,1666
9.5,0,0,0,0,124.4,00:55,9294,2777,1047,1656
0,0.969,0.105,0.038,0.138,123.2,00:33,7980,2152,483,1624
9.8,0.8,0.098,0.038,0.137,122.3,00:23,9369,1903,1332,1662
10.9,0.85,0.096,0.04,0.143,123.6,00:23,8937,1854,3480,1632
9.3,0.83,0.099,0.04,0.137,122.2,00:17,8484,1331,3054,1681
8.8,0.78,0.098,0.038,0.138,121.1,00:31,8067,1050,984,1676
9.6,0.78,0.098,0.038,0.138,123.3,00:14,8382,2988,1323,1645
9.7,0.78,0.098,0.038,0.138,121,00:32,7935,1548,996,1644
9.3,0.82,0.098,0.04,0.137,125.7,00:28,6996,3385,2577,1673
7.2,0,0,0,0,121.5,00:26,7962,1850,1026,1664
